"idUsuario";"reputacao";"respostas";"perguntas";"comentariospergunta";"comentariosresposta";"comunidade"
"1_3632";"16659";"393";"19";"322";"441";"BIO"
"1_1320";"11735";"302";"0";"216";"168";"BIO"
"1_69";"6822";"68";"23";"182";"143";"BIO"
"1_430";"6271";"43";"10";"60";"136";"BIO"
"1_1306";"6041";"120";"12";"331";"212";"BIO"
"1_107";"5759";"76";"3";"155";"74";"BIO"
"1_1231";"5580";"106";"1";"61";"80";"BIO"
"1_4101";"5280";"129";"0";"69";"73";"BIO"
"1_115";"4850";"69";"4";"362";"341";"BIO"
"1_66";"4719";"58";"1";"27";"24";"BIO"
"1_5144";"4564";"141";"0";"190";"170";"BIO"
"1_6";"4392";"46";"18";"131";"29";"BIO"
"1_560";"4390";"94";"15";"117";"172";"BIO"
"1_28";"4283";"45";"23";"30";"65";"BIO"
"1_1590";"4270";"68";"18";"162";"153";"BIO"
"1_389";"4070";"52";"68";"122";"84";"BIO"
"1_806";"4027";"71";"21";"114";"98";"BIO"
"1_3340";"3916";"143";"9";"335";"178";"BIO"
"1_81";"3714";"26";"21";"44";"52";"BIO"
"1_4108";"3504";"85";"56";"163";"137";"BIO"
"1_307";"3361";"27";"70";"74";"40";"BIO"
"1_740";"3291";"50";"15";"66";"68";"BIO"
"1_535";"3207";"64";"0";"17";"36";"BIO"
"1_43";"3024";"32";"23";"49";"43";"BIO"
"1_112";"2913";"46";"3";"35";"23";"BIO"
"1_444";"2900";"44";"6";"27";"24";"BIO"
"1_1757";"2886";"102";"3";"7";"57";"BIO"
"1_166";"2816";"30";"2";"110";"99";"BIO"
"1_1122";"2757";"68";"6";"40";"52";"BIO"
"1_57";"2619";"29";"22";"126";"51";"BIO"
"1_948";"2605";"62";"5";"127";"59";"BIO"
"1_3615";"2379";"37";"200";"282";"193";"BIO"
"1_3952";"2361";"52";"8";"84";"61";"BIO"
"1_577";"2221";"10";"107";"32";"46";"BIO"
"1_3624";"2165";"58";"1";"152";"88";"BIO"
"1_72";"1977";"22";"0";"10";"35";"BIO"
"1_219";"1964";"22";"0";"2";"9";"BIO"
"1_2938";"1905";"35";"1";"10";"50";"BIO"
"1_3776";"1881";"28";"28";"71";"24";"BIO"
"1_177";"1874";"20";"3";"16";"20";"BIO"
"1_3059";"1874";"46";"18";"99";"59";"BIO"
"1_3971";"1856";"46";"12";"117";"61";"BIO"
"1_67";"1820";"25";"3";"14";"11";"BIO"
"1_12";"1730";"19";"1";"21";"8";"BIO"
"1_1136";"1628";"17";"0";"36";"21";"BIO"
"1_48";"1588";"20";"0";"3";"8";"BIO"
"1_1005";"1584";"0";"73";"45";"28";"BIO"
"1_239";"1565";"17";"0";"9";"16";"BIO"
"1_204";"1556";"18";"0";"6";"19";"BIO"
"1_5754";"1519";"30";"2";"14";"21";"BIO"
"1_25";"1505";"11";"8";"24";"11";"BIO"
"1_500";"1484";"16";"15";"35";"17";"BIO"
"1_231";"1431";"27";"0";"17";"29";"BIO"
"1_238";"1348";"4";"29";"21";"16";"BIO"
"1_338";"1335";"3";"29";"16";"15";"BIO"
"1_4168";"1317";"39";"0";"13";"12";"BIO"
"1_1441";"1316";"33";"0";"35";"30";"BIO"
"1_279";"1300";"7";"3";"8";"2";"BIO"
"1_68";"1274";"10";"3";"16";"25";"BIO"
"1_445";"1260";"10";"1";"0";"11";"BIO"
"1_137";"1256";"18";"5";"38";"26";"BIO"
"1_277";"1239";"9";"1";"0";"0";"BIO"
"1_84";"1228";"1";"12";"8";"6";"BIO"
"1_59";"1222";"12";"1";"8";"2";"BIO"
"1_184";"1214";"14";"2";"18";"12";"BIO"
"1_158";"1174";"5";"24";"8";"5";"BIO"
"1_3934";"1162";"18";"2";"15";"25";"BIO"
"1_5005";"1160";"16";"25";"45";"34";"BIO"
"1_653";"1140";"14";"0";"1";"6";"BIO"
"1_460";"1139";"21";"8";"58";"25";"BIO"
"1_86";"1135";"38";"163";"72";"72";"BIO"
"1_997";"1037";"16";"0";"7";"20";"BIO"
"1_4840";"1027";"22";"4";"32";"23";"BIO"
"1_4579";"1009";"36";"0";"14";"31";"BIO"
"1_62";"991";"0";"11";"1";"0";"BIO"
"1_103";"989";"0";"35";"14";"3";"BIO"
"1_185";"985";"3";"4";"6";"8";"BIO"
"1_203";"981";"5";"14";"4";"5";"BIO"
"1_1427";"974";"18";"3";"7";"19";"BIO"
"1_3053";"965";"22";"10";"10";"26";"BIO"
"1_4177";"931";"26";"0";"3";"9";"BIO"
"1_510";"905";"12";"1";"4";"17";"BIO"
"1_1813";"873";"4";"74";"20";"19";"BIO"
"1_810";"858";"4";"9";"24";"16";"BIO"
"1_223";"841";"7";"8";"8";"11";"BIO"
"1_1435";"826";"12";"0";"1";"9";"BIO"
"1_129";"814";"3";"4";"12";"15";"BIO"
"1_658";"809";"9";"29";"11";"9";"BIO"
"1_798";"790";"8";"3";"9";"6";"BIO"
"1_3460";"789";"24";"0";"3";"9";"BIO"
"1_34";"764";"8";"0";"0";"6";"BIO"
"1_1166";"761";"14";"0";"10";"9";"BIO"
"1_263";"758";"0";"18";"3";"2";"BIO"
"1_222";"746";"7";"5";"41";"23";"BIO"
"1_1097";"736";"9";"0";"0";"3";"BIO"
"1_368";"710";"8";"6";"6";"6";"BIO"
"1_9";"697";"4";"2";"0";"5";"BIO"
"1_3827";"686";"19";"1";"47";"21";"BIO"
"1_3631";"674";"19";"0";"44";"30";"BIO"
"1_31";"659";"3";"1";"0";"3";"BIO"
"1_575";"654";"2";"4";"0";"1";"BIO"
"1_3261";"631";"14";"0";"5";"1";"BIO"
"1_45";"623";"5";"1";"0";"1";"BIO"
"1_51";"617";"6";"1";"3";"7";"BIO"
"1_649";"616";"7";"1";"3";"5";"BIO"
"1_4199";"605";"22";"1";"14";"5";"BIO"
"1_852";"604";"16";"2";"10";"6";"BIO"
"1_251";"601";"6";"1";"0";"8";"BIO"
"1_1450";"594";"18";"5";"11";"6";"BIO"
"1_146";"590";"3";"18";"14";"20";"BIO"
"1_192";"583";"20";"0";"10";"10";"BIO"
"1_558";"583";"0";"24";"3";"7";"BIO"
"1_226";"582";"4";"6";"16";"4";"BIO"
"1_1916";"580";"8";"15";"15";"8";"BIO"
"1_1853";"578";"15";"1";"8";"7";"BIO"
"1_4216";"576";"21";"14";"8";"26";"BIO"
"1_5755";"571";"14";"0";"3";"11";"BIO"
"1_691";"568";"9";"1";"17";"14";"BIO"
"1_99";"566";"3";"2";"2";"4";"BIO"
"1_1763";"564";"7";"7";"2";"4";"BIO"
"1_1472";"561";"2";"22";"31";"21";"BIO"
"1_4547";"559";"16";"1";"6";"3";"BIO"
"1_973";"558";"14";"1";"5";"4";"BIO"
"1_1250";"554";"8";"0";"1";"3";"BIO"
"1_36";"552";"6";"0";"5";"5";"BIO"
"1_138";"546";"4";"1";"1";"3";"BIO"
"1_476";"540";"14";"3";"1";"3";"BIO"
"1_408";"517";"9";"18";"16";"41";"BIO"
"1_5771";"508";"16";"3";"5";"9";"BIO"
"1_3336";"502";"14";"0";"4";"16";"BIO"
"1_49";"501";"3";"0";"2";"7";"BIO"
"1_680";"497";"0";"14";"18";"3";"BIO"
"1_542";"496";"10";"1";"17";"13";"BIO"
"1_23";"493";"4";"2";"1";"0";"BIO"
"1_526";"491";"5";"1";"0";"1";"BIO"
"1_3553";"484";"2";"17";"12";"11";"BIO"
"1_149";"483";"2";"4";"0";"3";"BIO"
"1_5148";"481";"28";"0";"7";"10";"BIO"
"1_114";"478";"2";"1";"0";"2";"BIO"
"1_303";"474";"1";"0";"4";"7";"BIO"
"1_4228";"466";"7";"0";"3";"11";"BIO"
"1_4140";"458";"13";"1";"2";"4";"BIO"
"1_584";"458";"6";"7";"1";"3";"BIO"
"1_5922";"446";"11";"0";"5";"6";"BIO"
"1_1839";"433";"11";"0";"1";"3";"BIO"
"1_90";"428";"1";"4";"2";"1";"BIO"
"1_397";"424";"2";"1";"0";"4";"BIO"
"1_554";"422";"1";"18";"12";"34";"BIO"
"1_79";"421";"2";"1";"1";"6";"BIO"
"1_956";"421";"4";"0";"0";"1";"BIO"
"1_5369";"416";"11";"4";"13";"19";"BIO"
"1_787";"409";"4";"5";"1";"0";"BIO"
"1_340";"405";"2";"1";"2";"3";"BIO"
"1_1486";"401";"10";"0";"7";"7";"BIO"
"1_759";"401";"1";"0";"0";"1";"BIO"
"1_152";"393";"2";"5";"1";"7";"BIO"
"1_1917";"390";"6";"5";"11";"3";"BIO"
"1_1906";"387";"9";"7";"10";"3";"BIO"
"1_562";"386";"2";"0";"3";"2";"BIO"
"1_3394";"384";"6";"0";"2";"4";"BIO"
"1_3370";"383";"7";"0";"1";"4";"BIO"
"1_1325";"381";"6";"0";"0";"1";"BIO"
"1_1756";"380";"6";"1";"2";"2";"BIO"
"1_1688";"376";"7";"0";"2";"1";"BIO"
"1_154";"375";"3";"7";"19";"12";"BIO"
"1_96";"375";"3";"5";"3";"5";"BIO"
"1_3523";"374";"8";"5";"5";"9";"BIO"
"1_42";"373";"0";"4";"0";"2";"BIO"
"1_1827";"372";"0";"10";"8";"1";"BIO"
"1_5694";"369";"23";"0";"2";"7";"BIO"
"1_1373";"366";"0";"23";"10";"2";"BIO"
"1_3119";"361";"7";"1";"3";"4";"BIO"
"1_1357";"357";"5";"25";"18";"2";"BIO"
"1_752";"356";"7";"0";"7";"14";"BIO"
"1_4109";"352";"13";"0";"6";"21";"BIO"
"1_126";"351";"1";"7";"1";"1";"BIO"
"1_1303";"351";"5";"0";"0";"5";"BIO"
"1_4182";"351";"6";"0";"1";"12";"BIO"
"1_172";"348";"2";"7";"8";"12";"BIO"
"1_1210";"347";"8";"0";"2";"0";"BIO"
"1_466";"343";"1";"4";"2";"2";"BIO"
"1_819";"341";"5";"0";"1";"2";"BIO"
"1_1367";"339";"7";"1";"1";"6";"BIO"
"1_1597";"337";"3";"1";"1";"2";"BIO"
"1_3657";"336";"1";"25";"10";"15";"BIO"
"1_3384";"334";"6";"0";"3";"7";"BIO"
"1_1202";"331";"3";"3";"12";"4";"BIO"
"1_620";"331";"1";"0";"0";"0";"BIO"
"1_3578";"328";"4";"0";"1";"2";"BIO"
"1_673";"327";"0";"9";"14";"7";"BIO"
"1_1114";"325";"1";"5";"1";"1";"BIO"
"1_3032";"321";"8";"5";"1";"5";"BIO"
"1_1248";"318";"4";"1";"1";"3";"BIO"
"1_566";"318";"3";"2";"0";"2";"BIO"
"1_6043";"318";"3";"2";"0";"0";"BIO"
"1_205";"317";"1";"3";"4";"2";"BIO"
"1_1710";"315";"5";"7";"1";"6";"BIO"
"1_504";"313";"1";"3";"1";"3";"BIO"
"1_864";"313";"4";"2";"0";"1";"BIO"
"1_5392";"311";"4";"2";"8";"31";"BIO"
"1_5702";"309";"6";"0";"0";"3";"BIO"
"1_104";"308";"1";"1";"1";"1";"BIO"
"1_1584";"304";"8";"11";"9";"16";"BIO"
"1_4551";"304";"10";"2";"7";"2";"BIO"
"1_1182";"302";"4";"8";"5";"0";"BIO"
"1_1300";"300";"7";"1";"11";"7";"BIO"
"1_3247";"300";"5";"7";"10";"8";"BIO"
"1_87";"298";"3";"0";"3";"1";"BIO"
"1_1249";"296";"2";"3";"0";"2";"BIO"
"1_3465";"293";"6";"5";"4";"6";"BIO"
"1_625";"293";"0";"8";"5";"2";"BIO"
"1_3262";"292";"4";"1";"3";"7";"BIO"
"1_771";"290";"0";"7";"3";"3";"BIO"
"1_1667";"289";"0";"9";"6";"5";"BIO"
"1_836";"289";"0";"3";"4";"1";"BIO"
"1_3220";"286";"3";"0";"1";"0";"BIO"
"1_938";"286";"1";"0";"1";"0";"BIO"
"1_452";"284";"3";"0";"1";"3";"BIO"
"1_1858";"282";"4";"0";"8";"18";"BIO"
"1_3824";"282";"7";"0";"3";"2";"BIO"
"1_611";"282";"0";"4";"0";"1";"BIO"
"1_953";"282";"4";"0";"2";"2";"BIO"
"1_1307";"281";"4";"0";"1";"6";"BIO"
"1_1474";"278";"0";"7";"2";"1";"BIO"
"1_827";"278";"3";"3";"24";"10";"BIO"
"1_117";"276";"2";"3";"4";"7";"BIO"
"1_167";"276";"1";"0";"0";"0";"BIO"
"1_352";"275";"2";"5";"4";"5";"BIO"
"1_250";"273";"0";"4";"1";"2";"BIO"
"1_26";"272";"0";"1";"0";"1";"BIO"
"1_17";"269";"0";"9";"2";"2";"BIO"
"1_173";"265";"0";"2";"2";"1";"BIO"
"1_872";"265";"0";"2";"1";"2";"BIO"
"1_157";"263";"0";"1";"0";"0";"BIO"
"1_5018";"262";"4";"1";"1";"4";"BIO"
"1_6131";"261";"2";"0";"2";"7";"BIO"
"1_1083";"260";"0";"7";"1";"0";"BIO"
"1_711";"260";"1";"0";"5";"0";"BIO"
"1_1224";"258";"2";"5";"2";"2";"BIO"
"1_44";"258";"0";"2";"0";"3";"BIO"
"1_1368";"256";"4";"9";"5";"10";"BIO"
"1_1517";"256";"5";"0";"0";"2";"BIO"
"1_784";"255";"2";"3";"0";"3";"BIO"
"1_1039";"251";"0";"3";"2";"10";"BIO"
"1_696";"251";"4";"0";"2";"0";"BIO"
"1_1110";"250";"0";"7";"1";"2";"BIO"
"1_148";"250";"2";"2";"4";"3";"BIO"
"1_695";"248";"0";"3";"0";"1";"BIO"
"1_3395";"246";"1";"1";"1";"22";"BIO"
"1_498";"245";"0";"2";"1";"0";"BIO"
"1_324";"243";"0";"2";"4";"2";"BIO"
"1_4254";"243";"0";"12";"3";"6";"BIO"
"1_245";"242";"0";"3";"3";"6";"BIO"
"1_1099";"241";"2";"0";"0";"1";"BIO"
"1_3061";"241";"4";"0";"0";"2";"BIO"
"1_423";"241";"0";"1";"0";"0";"BIO"
"1_817";"241";"1";"2";"1";"1";"BIO"
"1_1772";"240";"0";"7";"6";"4";"BIO"
"1_393";"239";"0";"2";"2";"10";"BIO"
"1_61";"239";"0";"2";"0";"0";"BIO"
"1_1278";"237";"0";"12";"9";"12";"BIO"
"1_133";"236";"2";"1";"0";"3";"BIO"
"1_939";"236";"1";"0";"1";"0";"BIO"
"1_1893";"233";"3";"1";"3";"0";"BIO"
"1_3533";"233";"3";"1";"3";"5";"BIO"
"1_3037";"232";"2";"8";"8";"5";"BIO"
"1_3118";"232";"4";"8";"8";"3";"BIO"
"1_4821";"231";"12";"1";"8";"25";"BIO"
"1_835";"231";"1";"3";"2";"3";"BIO"
"1_92";"231";"3";"0";"0";"0";"BIO"
"1_1279";"230";"0";"6";"3";"2";"BIO"
"1_3751";"229";"0";"9";"2";"0";"BIO"
"1_327";"228";"0";"3";"3";"0";"BIO"
"1_1004";"226";"4";"1";"3";"6";"BIO"
"1_1536";"226";"3";"3";"3";"6";"BIO"
"1_1765";"226";"1";"15";"7";"9";"BIO"
"1_3023";"226";"1";"0";"0";"0";"BIO"
"1_540";"226";"4";"5";"11";"4";"BIO"
"1_602";"225";"0";"3";"4";"1";"BIO"
"1_866";"225";"0";"6";"3";"10";"BIO"
"1_1049";"223";"4";"1";"0";"1";"BIO"
"1_164";"223";"0";"1";"0";"0";"BIO"
"1_634";"223";"2";"0";"0";"0";"BIO"
"1_1167";"221";"1";"2";"1";"2";"BIO"
"1_818";"221";"0";"4";"0";"0";"BIO"
"1_3887";"220";"7";"0";"5";"3";"BIO"
"1_790";"219";"0";"5";"3";"6";"BIO"
"1_5032";"218";"2";"0";"0";"1";"BIO"
"1_1051";"217";"0";"4";"1";"2";"BIO"
"1_609";"217";"2";"4";"2";"5";"BIO"
"1_839";"217";"0";"4";"7";"6";"BIO"
"1_1856";"213";"3";"1";"6";"7";"BIO"
"1_4427";"213";"2";"1";"0";"0";"BIO"
"1_1203";"212";"0";"4";"2";"0";"BIO"
"1_1289";"212";"1";"3";"1";"3";"BIO"
"1_1006";"211";"2";"1";"0";"2";"BIO"
"1_1156";"211";"3";"0";"0";"8";"BIO"
"1_301";"211";"1";"2";"0";"1";"BIO"
"1_3401";"211";"2";"0";"1";"1";"BIO"
"1_5156";"211";"2";"0";"1";"3";"BIO"
"1_5283";"211";"4";"0";"0";"1";"BIO"
"1_629";"209";"1";"2";"0";"1";"BIO"
"1_1430";"208";"0";"2";"0";"0";"BIO"
"1_3970";"208";"3";"2";"7";"9";"BIO"
"1_570";"208";"1";"1";"0";"0";"BIO"
"1_586";"207";"0";"4";"7";"16";"BIO"
"1_1225";"206";"5";"0";"1";"0";"BIO"
"1_38";"206";"1";"0";"1";"0";"BIO"
"1_1283";"205";"0";"3";"2";"3";"BIO"
"1_1176";"204";"0";"2";"5";"3";"BIO"
"1_561";"203";"0";"8";"6";"8";"BIO"
"1_1855";"202";"2";"3";"6";"6";"BIO"
"1_29";"202";"1";"2";"0";"2";"BIO"
"1_349";"201";"3";"1";"1";"3";"BIO"
"1_724";"201";"0";"4";"2";"3";"BIO"
"1_1086";"200";"0";"6";"1";"2";"BIO"
"1_5006";"200";"3";"0";"7";"2";"BIO"
"1_237";"199";"2";"0";"0";"1";"BIO"
"1_1625";"198";"1";"1";"1";"2";"BIO"
"1_496";"198";"1";"3";"1";"1";"BIO"
"1_988";"198";"0";"5";"4";"3";"BIO"
"1_783";"197";"0";"3";"4";"4";"BIO"
"1_1480";"196";"0";"2";"0";"0";"BIO"
"1_1838";"196";"1";"0";"0";"0";"BIO"
"1_3241";"196";"1";"0";"0";"0";"BIO"
"1_4697";"195";"0";"3";"0";"3";"BIO"
"1_139";"194";"1";"1";"0";"0";"BIO"
"1_1253";"193";"0";"1";"0";"1";"BIO"
"1_816";"193";"0";"3";"3";"12";"BIO"
"1_1609";"192";"0";"7";"6";"8";"BIO"
"1_3141";"192";"0";"10";"3";"0";"BIO"
"1_1016";"191";"1";"1";"0";"0";"BIO"
"1_1355";"191";"1";"1";"1";"4";"BIO"
"1_3287";"191";"3";"0";"0";"1";"BIO"
"1_3570";"191";"4";"0";"1";"1";"BIO"
"1_688";"191";"0";"2";"0";"7";"BIO"
"1_926";"191";"0";"1";"0";"0";"BIO"
"1_1061";"190";"0";"2";"2";"0";"BIO"
"1_121";"188";"0";"1";"1";"0";"BIO"
"1_161";"188";"0";"1";"1";"0";"BIO"
"1_589";"188";"0";"1";"0";"1";"BIO"
"1_6003";"188";"13";"0";"0";"11";"BIO"
"1_610";"188";"0";"1";"0";"0";"BIO"
"1_883";"188";"0";"2";"0";"2";"BIO"
"1_885";"188";"0";"3";"1";"3";"BIO"
"1_989";"187";"0";"4";"0";"0";"BIO"
"1_19";"186";"0";"1";"0";"0";"BIO"
"1_693";"186";"0";"2";"0";"0";"BIO"
"1_1522";"185";"2";"2";"5";"5";"BIO"
"1_957";"185";"4";"2";"0";"3";"BIO"
"1_1125";"183";"0";"1";"0";"0";"BIO"
"1_1197";"183";"5";"0";"1";"0";"BIO"
"1_207";"183";"0";"4";"0";"7";"BIO"
"1_234";"183";"1";"1";"0";"1";"BIO"
"1_299";"183";"0";"1";"1";"0";"BIO"
"1_4037";"183";"0";"1";"1";"2";"BIO"
"1_820";"182";"2";"0";"0";"1";"BIO"
"1_1429";"181";"3";"0";"0";"1";"BIO"
"1_235";"181";"2";"0";"0";"0";"BIO"
"1_410";"181";"0";"5";"1";"2";"BIO"
"1_120";"180";"2";"0";"1";"3";"BIO"
"1_16";"179";"0";"1";"0";"1";"BIO"
"1_1216";"178";"0";"5";"1";"0";"BIO"
"1_3731";"178";"1";"1";"0";"3";"BIO"
"1_1809";"177";"0";"5";"1";"2";"BIO"
"1_781";"177";"0";"3";"1";"0";"BIO"
"1_14";"176";"1";"0";"0";"0";"BIO"
"1_1569";"176";"0";"2";"0";"0";"BIO"
"1_400";"175";"0";"2";"1";"7";"BIO"
"1_438";"175";"0";"2";"0";"2";"BIO"
"1_600";"175";"0";"2";"1";"0";"BIO"
"1_553";"174";"1";"1";"0";"0";"BIO"
"1_698";"174";"4";"0";"1";"0";"BIO"
"1_1470";"173";"0";"1";"0";"0";"BIO"
"1_2944";"173";"1";"3";"0";"0";"BIO"
"1_3535";"173";"0";"3";"3";"5";"BIO"
"1_3920";"173";"1";"4";"4";"5";"BIO"
"1_750";"173";"0";"2";"2";"4";"BIO"
"1_18";"171";"0";"1";"2";"0";"BIO"
"1_46";"171";"1";"2";"3";"3";"BIO"
"1_722";"171";"1";"0";"1";"1";"BIO"
"1_82";"171";"3";"0";"0";"1";"BIO"
"1_485";"170";"0";"2";"0";"3";"BIO"
"1_585";"170";"0";"2";"1";"4";"BIO"
"1_1190";"169";"0";"7";"6";"2";"BIO"
"1_1265";"169";"3";"0";"0";"1";"BIO"
"1_145";"169";"0";"2";"0";"0";"BIO"
"1_344";"169";"1";"0";"0";"0";"BIO"
"1_1034";"168";"0";"2";"0";"0";"BIO"
"1_225";"168";"0";"2";"2";"1";"BIO"
"1_258";"168";"0";"2";"0";"2";"BIO"
"1_3074";"168";"0";"5";"2";"6";"BIO"
"1_970";"168";"0";"2";"3";"0";"BIO"
"1_746";"167";"0";"4";"1";"5";"BIO"
"1_947";"167";"0";"4";"2";"2";"BIO"
"1_1130";"166";"3";"0";"1";"4";"BIO"
"1_1389";"166";"3";"0";"0";"1";"BIO"
"1_3773";"166";"7";"0";"1";"5";"BIO"
"1_5757";"166";"3";"0";"1";"2";"BIO"
"1_6128";"166";"0";"1";"0";"0";"BIO"
"1_669";"166";"1";"1";"1";"0";"BIO"
"1_704";"166";"0";"2";"2";"2";"BIO"
"1_1070";"165";"0";"1";"2";"4";"BIO"
"1_1396";"165";"2";"1";"3";"0";"BIO"
"1_224";"165";"0";"2";"1";"2";"BIO"
"1_3514";"165";"0";"3";"0";"0";"BIO"
"1_73";"165";"0";"1";"5";"1";"BIO"
"1_1390";"164";"0";"2";"0";"1";"BIO"
"1_1899";"163";"1";"1";"0";"2";"BIO"
"1_37";"163";"1";"2";"1";"2";"BIO"
"1_58";"163";"0";"1";"0";"0";"BIO"
"1_651";"163";"0";"1";"0";"0";"BIO"
"1_1677";"162";"2";"3";"2";"1";"BIO"
"1_3583";"162";"0";"3";"1";"0";"BIO"
"1_1865";"161";"4";"0";"0";"1";"BIO"
"1_284";"161";"0";"4";"3";"4";"BIO"
"1_3672";"161";"1";"1";"0";"0";"BIO"
"1_3674";"161";"3";"0";"1";"0";"BIO"
"1_403";"161";"0";"1";"2";"0";"BIO"
"1_41";"161";"2";"0";"0";"1";"BIO"
"1_4342";"161";"7";"0";"0";"0";"BIO"
"1_4518";"161";"1";"1";"5";"2";"BIO"
"1_464";"161";"1";"1";"0";"1";"BIO"
"1_4908";"161";"8";"0";"2";"8";"BIO"
"1_573";"161";"0";"2";"0";"0";"BIO"
"1_5940";"161";"1";"0";"0";"0";"BIO"
"1_645";"161";"0";"1";"1";"0";"BIO"
"1_1519";"160";"0";"3";"4";"0";"BIO"
"1_4321";"160";"1";"4";"0";"1";"BIO"
"1_1369";"159";"0";"4";"1";"1";"BIO"
"1_308";"159";"1";"0";"3";"3";"BIO"
"1_826";"159";"0";"1";"2";"3";"BIO"
"1_1164";"158";"0";"1";"2";"2";"BIO"
"1_1705";"158";"1";"6";"3";"5";"BIO"
"1_3474";"158";"1";"1";"0";"3";"BIO"
"1_35";"158";"0";"1";"0";"0";"BIO"
"1_3589";"158";"5";"0";"0";"1";"BIO"
"1_377";"158";"0";"1";"1";"1";"BIO"
"1_421";"158";"0";"2";"0";"0";"BIO"
"1_941";"158";"0";"5";"5";"10";"BIO"
"1_491";"157";"0";"1";"0";"2";"BIO"
"1_766";"157";"7";"0";"3";"0";"BIO"
"1_1727";"156";"0";"1";"0";"0";"BIO"
"1_3839";"156";"0";"5";"0";"0";"BIO"
"1_5084";"156";"0";"1";"0";"0";"BIO"
"1_5367";"156";"7";"0";"1";"1";"BIO"
"1_2954";"155";"1";"1";"1";"2";"BIO"
"1_3466";"155";"1";"5";"5";"0";"BIO"
"1_3918";"155";"0";"4";"3";"0";"BIO"
"1_5578";"155";"0";"2";"0";"3";"BIO"
"1_578";"155";"0";"2";"0";"1";"BIO"
"1_1067";"154";"4";"1";"2";"0";"BIO"
"1_5564";"154";"2";"1";"2";"3";"BIO"
"1_1267";"153";"0";"1";"0";"0";"BIO"
"1_128";"153";"0";"1";"1";"4";"BIO"
"1_2987";"153";"0";"1";"0";"1";"BIO"
"1_312";"153";"0";"1";"0";"1";"BIO"
"1_3302";"153";"1";"2";"2";"0";"BIO"
"1_76";"153";"0";"1";"0";"0";"BIO"
"1_1200";"152";"0";"2";"0";"1";"BIO"
"1_288";"151";"0";"1";"0";"0";"BIO"
"1_3848";"151";"1";"0";"0";"0";"BIO"
"1_4242";"151";"2";"2";"1";"0";"BIO"
"1_4385";"151";"0";"2";"0";"0";"BIO"
"1_4674";"151";"3";"2";"2";"1";"BIO"
"1_469";"151";"1";"0";"0";"1";"BIO"
"1_565";"151";"1";"1";"1";"3";"BIO"
"1_6137";"151";"6";"1";"0";"2";"BIO"
"1_873";"151";"0";"1";"1";"0";"BIO"
"1_1661";"150";"0";"4";"2";"4";"BIO"
"1_1864";"150";"0";"3";"0";"4";"BIO"
"1_3998";"150";"1";"2";"4";"6";"BIO"
"1_571";"150";"0";"2";"0";"3";"BIO"
"1_608";"150";"0";"2";"2";"1";"BIO"
"1_933";"150";"0";"2";"1";"2";"BIO"
"1_1264";"149";"1";"1";"0";"1";"BIO"
"1_135";"149";"0";"2";"0";"0";"BIO"
"1_1869";"149";"0";"2";"0";"1";"BIO"
"1_937";"149";"1";"0";"0";"0";"BIO"
"1_1092";"148";"0";"1";"0";"1";"BIO"
"1_1326";"148";"0";"1";"1";"2";"BIO"
"1_1428";"148";"0";"2";"1";"2";"BIO"
"1_1589";"148";"0";"1";"0";"1";"BIO"
"1_304";"148";"0";"1";"0";"0";"BIO"
"1_314";"148";"0";"1";"0";"3";"BIO"
"1_4104";"148";"0";"1";"0";"1";"BIO"
"1_414";"148";"0";"1";"0";"8";"BIO"
"1_4186";"148";"1";"3";"2";"0";"BIO"
"1_4206";"148";"2";"6";"1";"2";"BIO"
"1_50";"148";"0";"2";"1";"4";"BIO"
"1_626";"148";"0";"1";"0";"2";"BIO"
"1_1624";"147";"0";"3";"1";"3";"BIO"
"1_4150";"147";"0";"3";"0";"1";"BIO"
"1_1324";"146";"0";"1";"0";"4";"BIO"
"1_1339";"146";"0";"2";"1";"2";"BIO"
"1_1364";"146";"0";"2";"2";"1";"BIO"
"1_262";"146";"0";"3";"2";"2";"BIO"
"1_2985";"146";"0";"1";"0";"0";"BIO"
"1_3072";"146";"2";"0";"0";"1";"BIO"
"1_316";"146";"0";"1";"0";"1";"BIO"
"1_3869";"146";"0";"2";"1";"6";"BIO"
"1_407";"146";"0";"1";"0";"1";"BIO"
"1_4733";"146";"0";"2";"1";"0";"BIO"
"1_580";"146";"0";"1";"0";"0";"BIO"
"1_587";"146";"1";"0";"0";"0";"BIO"
"1_867";"146";"4";"3";"0";"0";"BIO"
"1_891";"146";"2";"0";"4";"1";"BIO"
"1_940";"146";"0";"1";"2";"1";"BIO"
"1_3894";"145";"2";"20";"18";"19";"BIO"
"1_5344";"145";"1";"2";"3";"4";"BIO"
"1_1315";"144";"0";"1";"0";"1";"BIO"
"1_252";"144";"0";"1";"0";"0";"BIO"
"1_4347";"144";"0";"5";"6";"6";"BIO"
"1_834";"144";"0";"4";"2";"0";"BIO"
"1_985";"144";"0";"1";"0";"0";"BIO"
"1_1068";"143";"2";"1";"0";"0";"BIO"
"1_1291";"143";"0";"1";"1";"0";"BIO"
"1_1384";"143";"0";"1";"0";"0";"BIO"
"1_1774";"143";"0";"1";"0";"3";"BIO"
"1_3013";"143";"0";"1";"0";"0";"BIO"
"1_3116";"143";"0";"2";"0";"0";"BIO"
"1_3204";"143";"0";"1";"0";"0";"BIO"
"1_3228";"143";"0";"2";"0";"6";"BIO"
"1_3484";"143";"0";"1";"0";"2";"BIO"
"1_4488";"143";"0";"3";"3";"2";"BIO"
"1_502";"143";"0";"1";"2";"0";"BIO"
"1_543";"143";"0";"1";"1";"3";"BIO"
"1_551";"143";"0";"2";"2";"1";"BIO"
"1_648";"143";"0";"1";"0";"0";"BIO"
"1_655";"143";"0";"2";"0";"1";"BIO"
"1_960";"143";"0";"1";"2";"1";"BIO"
"1_1033";"141";"0";"1";"0";"0";"BIO"
"1_1096";"141";"1";"0";"0";"0";"BIO"
"1_1251";"141";"0";"1";"2";"0";"BIO"
"1_1422";"141";"0";"1";"0";"0";"BIO"
"1_1607";"141";"0";"1";"1";"2";"BIO"
"1_1693";"141";"0";"4";"1";"0";"BIO"
"1_1724";"141";"0";"1";"0";"1";"BIO"
"1_1790";"141";"1";"0";"0";"1";"BIO"
"1_1826";"141";"1";"0";"0";"1";"BIO"
"1_3254";"141";"0";"1";"2";"0";"BIO"
"1_3325";"141";"0";"1";"0";"0";"BIO"
"1_4283";"141";"0";"5";"4";"0";"BIO"
"1_4478";"141";"0";"3";"1";"0";"BIO"
"1_462";"141";"1";"0";"0";"1";"BIO"
"1_478";"141";"3";"0";"0";"0";"BIO"
"1_4795";"141";"2";"1";"0";"0";"BIO"
"1_548";"141";"0";"1";"0";"0";"BIO"
"1_572";"141";"0";"1";"0";"0";"BIO"
"1_5859";"141";"6";"2";"1";"2";"BIO"
"1_597";"141";"0";"1";"0";"0";"BIO"
"1_6167";"141";"1";"0";"0";"3";"BIO"
"1_801";"141";"0";"2";"0";"0";"BIO"
"1_808";"141";"0";"1";"1";"1";"BIO"
"1_1550";"140";"0";"1";"0";"0";"BIO"
"1_1602";"140";"0";"1";"0";"0";"BIO"
"1_3500";"140";"0";"3";"0";"4";"BIO"
"1_777";"140";"0";"2";"0";"4";"BIO"
"1_1158";"139";"0";"2";"2";"1";"BIO"
"1_1344";"138";"0";"1";"0";"2";"BIO"
"1_1407";"138";"0";"1";"0";"0";"BIO"
"1_1413";"138";"0";"16";"11";"14";"BIO"
"1_1488";"138";"1";"7";"1";"0";"BIO"
"1_1576";"138";"0";"1";"0";"1";"BIO"
"1_1775";"138";"0";"2";"0";"2";"BIO"
"1_3180";"138";"0";"1";"0";"0";"BIO"
"1_3382";"138";"1";"8";"5";"3";"BIO"
"1_3393";"138";"1";"1";"2";"6";"BIO"
"1_4139";"138";"12";"0";"3";"1";"BIO"
"1_489";"138";"0";"1";"2";"0";"BIO"
"1_684";"138";"0";"1";"3";"0";"BIO"
"1_705";"138";"0";"1";"0";"1";"BIO"
"1_744";"138";"0";"2";"2";"2";"BIO"
"1_780";"138";"0";"1";"0";"2";"BIO"
"1_921";"138";"0";"2";"2";"12";"BIO"
"1_952";"138";"0";"7";"1";"2";"BIO"
"1_1098";"137";"0";"1";"0";"0";"BIO"
"1_1192";"136";"0";"1";"0";"1";"BIO"
"1_1284";"136";"0";"1";"0";"0";"BIO"
"1_1405";"136";"0";"1";"0";"1";"BIO"
"1_1448";"136";"0";"1";"0";"3";"BIO"
"1_1451";"136";"4";"0";"1";"1";"BIO"
"1_1554";"136";"1";"0";"0";"0";"BIO"
"1_313";"136";"2";"0";"0";"0";"BIO"
"1_321";"136";"0";"1";"0";"0";"BIO"
"1_3713";"136";"0";"3";"0";"0";"BIO"
"1_3966";"136";"0";"2";"1";"2";"BIO"
"1_4612";"136";"0";"1";"2";"0";"BIO"
"1_5238";"136";"1";"0";"0";"0";"BIO"
"1_530";"136";"0";"1";"0";"2";"BIO"
"1_5366";"136";"1";"1";"1";"1";"BIO"
"1_576";"136";"1";"1";"0";"0";"BIO"
"1_5919";"136";"0";"1";"0";"6";"BIO"
"1_6093";"136";"1";"0";"0";"3";"BIO"
"1_735";"136";"1";"0";"0";"0";"BIO"
"1_822";"136";"0";"2";"4";"1";"BIO"
"1_1308";"135";"0";"2";"0";"2";"BIO"
"1_1578";"135";"0";"5";"5";"1";"BIO"
"1_922";"135";"0";"2";"1";"0";"BIO"
"1_1011";"134";"0";"2";"0";"1";"BIO"
"1_3798";"134";"0";"2";"5";"1";"BIO"
"1_1081";"133";"0";"3";"0";"1";"BIO"
"1_1165";"133";"2";"0";"1";"1";"BIO"
"1_1800";"133";"0";"3";"0";"3";"BIO"
"1_1885";"133";"0";"1";"2";"0";"BIO"
"1_3016";"133";"0";"2";"0";"3";"BIO"
"1_3296";"133";"0";"1";"0";"0";"BIO"
"1_3419";"133";"0";"1";"0";"0";"BIO"
"1_3534";"133";"0";"5";"3";"0";"BIO"
"1_3559";"133";"0";"1";"0";"0";"BIO"
"1_405";"133";"0";"1";"1";"1";"BIO"
"1_420";"133";"0";"1";"0";"2";"BIO"
"1_4227";"133";"0";"1";"0";"0";"BIO"
"1_4471";"133";"0";"1";"0";"0";"BIO"
"1_5525";"133";"0";"1";"0";"1";"BIO"
"1_678";"133";"0";"1";"2";"0";"BIO"
"1_739";"133";"0";"1";"1";"1";"BIO"
"1_868";"133";"0";"1";"0";"0";"BIO"
"1_1003";"131";"0";"2";"1";"1";"BIO"
"1_1045";"131";"0";"2";"0";"2";"BIO"
"1_1095";"131";"1";"0";"0";"2";"BIO"
"1_1153";"131";"1";"0";"0";"0";"BIO"
"1_1161";"131";"0";"1";"0";"0";"BIO"
"1_1526";"131";"0";"1";"1";"6";"BIO"
"1_1553";"131";"0";"1";"0";"0";"BIO"
"1_1668";"131";"2";"1";"0";"0";"BIO"
"1_180";"131";"1";"1";"2";"1";"BIO"
"1_1874";"131";"0";"1";"1";"0";"BIO"
"1_3004";"131";"1";"0";"1";"3";"BIO"
"1_3164";"131";"0";"1";"1";"3";"BIO"
"1_3184";"131";"0";"1";"1";"0";"BIO"
"1_3203";"131";"0";"1";"0";"1";"BIO"
"1_3236";"131";"1";"1";"0";"0";"BIO"
"1_3550";"131";"0";"1";"0";"1";"BIO"
"1_3721";"131";"1";"0";"0";"0";"BIO"
"1_4123";"131";"0";"2";"1";"0";"BIO"
"1_4208";"131";"0";"2";"4";"0";"BIO"
"1_4464";"131";"2";"0";"0";"0";"BIO"
"1_4617";"131";"0";"1";"0";"0";"BIO"
"1_5466";"131";"1";"10";"3";"5";"BIO"
"1_5704";"131";"0";"1";"0";"0";"BIO"
"1_579";"131";"1";"0";"0";"0";"BIO"
"1_5863";"131";"1";"0";"0";"0";"BIO"
"1_639";"131";"1";"0";"0";"0";"BIO"
"1_660";"131";"0";"1";"0";"0";"BIO"
"1_776";"131";"0";"1";"0";"0";"BIO"
"1_900";"131";"0";"1";"0";"0";"BIO"
"1_1141";"130";"2";"3";"3";"0";"BIO"
"1_1537";"130";"0";"2";"1";"1";"BIO"
"1_3052";"130";"0";"2";"1";"2";"BIO"
"1_3055";"130";"0";"2";"2";"1";"BIO"
"1_3956";"130";"0";"1";"1";"0";"BIO"
"1_925";"130";"0";"1";"6";"2";"BIO"
"1_951";"130";"0";"2";"0";"1";"BIO"
"1_3660";"129";"0";"4";"0";"1";"BIO"
"1_1064";"128";"0";"1";"0";"0";"BIO"
"1_1171";"128";"0";"1";"0";"1";"BIO"
"1_1297";"128";"0";"1";"1";"2";"BIO"
"1_1419";"128";"0";"1";"4";"0";"BIO"
"1_1481";"128";"0";"1";"0";"1";"BIO"
"1_1524";"128";"0";"3";"3";"2";"BIO"
"1_1675";"128";"0";"1";"0";"2";"BIO"
"1_1868";"128";"0";"1";"0";"2";"BIO"
"1_1884";"128";"0";"1";"4";"1";"BIO"
"1_2928";"128";"0";"1";"0";"0";"BIO"
"1_3146";"128";"0";"1";"0";"0";"BIO"
"1_3614";"128";"0";"1";"0";"1";"BIO"
"1_3668";"128";"0";"1";"0";"0";"BIO"
"1_3871";"128";"0";"1";"0";"0";"BIO"
"1_3941";"128";"0";"2";"0";"1";"BIO"
"1_4869";"128";"0";"1";"0";"1";"BIO"
"1_4884";"128";"0";"1";"0";"0";"BIO"
"1_4999";"128";"0";"1";"0";"2";"BIO"
"1_5121";"128";"1";"0";"3";"0";"BIO"
"1_5187";"128";"1";"1";"0";"0";"BIO"
"1_5439";"128";"0";"1";"0";"0";"BIO"
"1_5795";"128";"0";"1";"0";"0";"BIO"
"1_6087";"128";"0";"1";"0";"0";"BIO"
"1_996";"128";"0";"1";"1";"0";"BIO"
"1_4257";"127";"1";"0";"0";"0";"BIO"
"1_4791";"127";"0";"3";"0";"0";"BIO"
"1_5008";"127";"0";"4";"3";"1";"BIO"
"1_1040";"126";"0";"1";"0";"0";"BIO"
"1_1050";"126";"1";"1";"1";"0";"BIO"
"1_1460";"126";"0";"3";"2";"0";"BIO"
"1_2";"126";"0";"2";"2";"0";"BIO"
"1_320";"126";"0";"1";"1";"1";"BIO"
"1_3350";"126";"0";"3";"0";"0";"BIO"
"1_3491";"126";"1";"0";"0";"0";"BIO"
"1_3885";"126";"0";"1";"2";"1";"BIO"
"1_3927";"126";"0";"1";"0";"0";"BIO"
"1_3930";"126";"0";"1";"1";"0";"BIO"
"1_4252";"126";"0";"1";"0";"2";"BIO"
"1_4387";"126";"6";"0";"3";"3";"BIO"
"1_4482";"126";"0";"1";"4";"0";"BIO"
"1_4925";"126";"1";"1";"0";"0";"BIO"
"1_5233";"126";"0";"1";"1";"0";"BIO"
"1_5907";"126";"1";"0";"0";"0";"BIO"
"1_6027";"126";"1";"0";"0";"0";"BIO"
"1_6179";"126";"0";"3";"6";"0";"BIO"
"1_668";"126";"0";"1";"0";"0";"BIO"
"1_671";"126";"2";"0";"1";"1";"BIO"
"1_912";"126";"0";"1";"4";"0";"BIO"
"1_3315";"125";"0";"2";"1";"3";"BIO"
"1_3331";"125";"0";"3";"0";"1";"BIO"
"1_3338";"125";"0";"3";"2";"3";"BIO"
"1_4130";"125";"0";"3";"2";"0";"BIO"
"1_5407";"125";"0";"2";"2";"2";"BIO"
"1_3389";"124";"0";"2";"1";"0";"BIO"
"1_339";"124";"0";"1";"0";"1";"BIO"
"1_1079";"123";"0";"1";"4";"0";"BIO"
"1_1281";"123";"0";"1";"2";"1";"BIO"
"1_1459";"123";"0";"1";"0";"1";"BIO"
"1_1544";"123";"0";"1";"0";"0";"BIO"
"1_1557";"123";"0";"1";"0";"0";"BIO"
"1_1566";"123";"0";"1";"1";"1";"BIO"
"1_1581";"123";"0";"1";"0";"1";"BIO"
"1_1658";"123";"0";"1";"2";"0";"BIO"
"1_1857";"123";"0";"1";"0";"0";"BIO"
"1_2958";"123";"0";"1";"0";"0";"BIO"
"1_2982";"123";"0";"1";"0";"0";"BIO"
"1_3011";"123";"0";"1";"0";"0";"BIO"
"1_3178";"123";"0";"2";"1";"0";"BIO"
"1_3322";"123";"0";"1";"0";"0";"BIO"
"1_3627";"123";"1";"3";"2";"2";"BIO"
"1_4237";"123";"0";"1";"0";"0";"BIO"
"1_4858";"123";"0";"2";"2";"0";"BIO"
"1_5049";"123";"0";"1";"1";"1";"BIO"
"1_5259";"123";"0";"1";"0";"0";"BIO"
"1_5680";"123";"0";"4";"1";"6";"BIO"
"1_5917";"123";"0";"1";"0";"1";"BIO"
"1_5926";"123";"0";"1";"0";"1";"BIO"
"1_6033";"123";"0";"1";"0";"1";"BIO"
"1_623";"123";"0";"1";"0";"0";"BIO"
"1_4053";"122";"0";"3";"2";"5";"BIO"
"1_4323";"122";"5";"14";"1";"0";"BIO"
"1_5417";"122";"0";"3";"0";"0";"BIO"
"1_1020";"121";"0";"2";"0";"1";"BIO"
"1_1157";"121";"2";"0";"0";"0";"BIO"
"1_1186";"121";"0";"3";"3";"1";"BIO"
"1_1198";"121";"0";"1";"0";"0";"BIO"
"1_1226";"121";"0";"1";"4";"0";"BIO"
"1_1312";"121";"0";"1";"0";"0";"BIO"
"1_1378";"121";"0";"1";"2";"3";"BIO"
"1_1436";"121";"0";"1";"0";"0";"BIO"
"1_1620";"121";"0";"1";"0";"0";"BIO"
"1_1642";"121";"1";"0";"2";"2";"BIO"
"1_1875";"121";"1";"0";"0";"0";"BIO"
"1_1903";"121";"0";"1";"2";"0";"BIO"
"1_22";"121";"1";"0";"0";"0";"BIO"
"1_221";"121";"0";"1";"0";"0";"BIO"
"1_230";"121";"3";"0";"0";"0";"BIO"
"1_2945";"121";"0";"1";"0";"0";"BIO"
"1_2974";"121";"0";"1";"0";"0";"BIO"
"1_3088";"121";"1";"0";"0";"1";"BIO"
"1_3272";"121";"0";"1";"1";"2";"BIO"
"1_3282";"121";"0";"1";"0";"0";"BIO"
"1_3310";"121";"2";"3";"3";"4";"BIO"
"1_3577";"121";"0";"1";"0";"0";"BIO"
"1_3673";"121";"1";"0";"1";"0";"BIO"
"1_3703";"121";"2";"0";"0";"3";"BIO"
"1_3739";"121";"1";"1";"1";"1";"BIO"
"1_3809";"121";"0";"1";"0";"0";"BIO"
"1_4054";"121";"4";"0";"2";"2";"BIO"
"1_4163";"121";"0";"1";"0";"0";"BIO"
"1_4249";"121";"1";"0";"0";"0";"BIO"
"1_4358";"121";"0";"1";"0";"0";"BIO"
"1_4378";"121";"0";"2";"1";"0";"BIO"
"1_4707";"121";"0";"1";"1";"3";"BIO"
"1_4763";"121";"0";"1";"0";"0";"BIO"
"1_5304";"121";"0";"1";"0";"1";"BIO"
"1_541";"121";"0";"1";"6";"1";"BIO"
"1_5656";"121";"1";"1";"2";"0";"BIO"
"1_596";"121";"0";"1";"0";"0";"BIO"
"1_5992";"121";"0";"1";"0";"5";"BIO"
"1_6151";"121";"1";"0";"3";"5";"BIO"
"1_6165";"121";"1";"0";"0";"3";"BIO"
"1_657";"121";"0";"1";"1";"0";"BIO"
"1_689";"121";"1";"0";"0";"0";"BIO"
"1_745";"121";"0";"1";"1";"0";"BIO"
"1_914";"121";"0";"1";"0";"0";"BIO"
"1_955";"121";"0";"1";"1";"0";"BIO"
"1_3292";"120";"0";"2";"2";"3";"BIO"
"1_1241";"119";"1";"1";"0";"0";"BIO"
"1_1902";"119";"3";"0";"0";"3";"BIO"
"1_3117";"119";"0";"1";"2";"0";"BIO"
"1_3807";"119";"0";"1";"3";"2";"BIO"
"1_5491";"119";"0";"2";"2";"4";"BIO"
"1_1523";"118";"0";"1";"0";"0";"BIO"
"1_1587";"118";"0";"1";"0";"1";"BIO"
"1_1611";"118";"0";"2";"3";"1";"BIO"
"1_1711";"118";"0";"1";"0";"0";"BIO"
"1_1749";"118";"0";"1";"1";"0";"BIO"
"1_1755";"118";"0";"1";"0";"1";"BIO"
"1_1905";"118";"0";"1";"0";"1";"BIO"
"1_2931";"118";"0";"1";"0";"0";"BIO"
"1_2942";"118";"0";"1";"0";"1";"BIO"
"1_3089";"118";"0";"3";"1";"0";"BIO"
"1_3132";"118";"0";"1";"1";"1";"BIO"
"1_3136";"118";"0";"1";"1";"2";"BIO"
"1_3186";"118";"0";"1";"1";"2";"BIO"
"1_3198";"118";"0";"5";"1";"3";"BIO"
"1_3208";"118";"0";"1";"0";"0";"BIO"
"1_3431";"118";"0";"1";"0";"0";"BIO"
"1_4080";"118";"0";"1";"2";"0";"BIO"
"1_4134";"118";"0";"1";"0";"2";"BIO"
"1_4183";"118";"0";"1";"0";"0";"BIO"
"1_4195";"118";"0";"1";"0";"0";"BIO"
"1_4292";"118";"0";"1";"1";"0";"BIO"
"1_4349";"118";"0";"1";"1";"2";"BIO"
"1_4431";"118";"0";"1";"0";"0";"BIO"
"1_451";"118";"0";"1";"0";"1";"BIO"
"1_4550";"118";"0";"1";"0";"1";"BIO"
"1_4734";"118";"0";"1";"0";"1";"BIO"
"1_4860";"118";"2";"5";"5";"3";"BIO"
"1_494";"118";"0";"1";"0";"1";"BIO"
"1_524";"118";"2";"1";"0";"1";"BIO"
"1_5594";"118";"0";"1";"1";"2";"BIO"
"1_976";"118";"0";"1";"0";"2";"BIO"
"1_1048";"117";"0";"1";"3";"3";"BIO"
"1_3139";"117";"7";"0";"1";"2";"BIO"
"1_4209";"117";"0";"2";"1";"1";"BIO"
"1_1154";"116";"0";"1";"0";"0";"BIO"
"1_1379";"116";"0";"1";"0";"1";"BIO"
"1_1467";"116";"0";"2";"2";"3";"BIO"
"1_1766";"116";"0";"1";"0";"0";"BIO"
"1_1784";"116";"1";"0";"0";"1";"BIO"
"1_1802";"116";"0";"1";"1";"1";"BIO"
"1_1894";"116";"0";"1";"0";"1";"BIO"
"1_3097";"116";"0";"1";"2";"0";"BIO"
"1_3227";"116";"0";"1";"0";"0";"BIO"
"1_3255";"116";"0";"1";"0";"0";"BIO"
"1_3276";"116";"0";"1";"0";"0";"BIO"
"1_3320";"116";"1";"2";"2";"0";"BIO"
"1_3665";"116";"1";"2";"3";"0";"BIO"
"1_3910";"116";"0";"1";"0";"1";"BIO"
"1_4026";"116";"1";"1";"0";"5";"BIO"
"1_4041";"116";"0";"1";"0";"0";"BIO"
"1_4256";"116";"0";"1";"0";"0";"BIO"
"1_4346";"116";"0";"2";"0";"0";"BIO"
"1_4498";"116";"0";"1";"1";"0";"BIO"
"1_4539";"116";"4";"0";"0";"2";"BIO"
"1_4656";"116";"0";"1";"0";"0";"BIO"
"1_4788";"116";"0";"2";"1";"0";"BIO"
"1_4971";"116";"0";"1";"1";"2";"BIO"
"1_5431";"116";"0";"3";"2";"2";"BIO"
"1_5468";"116";"0";"1";"1";"2";"BIO"
"1_5684";"116";"0";"1";"0";"0";"BIO"
"1_6061";"116";"12";"2";"1";"1";"BIO"
"1_6189";"116";"0";"1";"3";"0";"BIO"
"1_6271";"116";"0";"1";"1";"0";"BIO"
"1_838";"116";"1";"0";"0";"0";"BIO"
"1_1172";"115";"0";"1";"1";"0";"BIO"
"1_3462";"115";"0";"3";"4";"3";"BIO"
"1_3972";"115";"0";"2";"2";"1";"BIO"
"1_1585";"114";"3";"3";"2";"2";"BIO"
"1_3625";"114";"0";"1";"2";"1";"BIO"
"1_4633";"114";"0";"1";"1";"1";"BIO"
"1_4654";"114";"0";"1";"0";"0";"BIO"
"1_101";"113";"0";"1";"0";"0";"BIO"
"1_1330";"113";"0";"1";"0";"0";"BIO"
"1_1547";"113";"0";"1";"0";"0";"BIO"
"1_1565";"113";"0";"1";"0";"0";"BIO"
"1_1816";"113";"0";"1";"0";"0";"BIO"
"1_1847";"113";"0";"1";"1";"1";"BIO"
"1_1859";"113";"0";"1";"0";"2";"BIO"
"1_2947";"113";"0";"1";"0";"0";"BIO"
"1_3048";"113";"0";"1";"0";"0";"BIO"
"1_3073";"113";"0";"1";"0";"0";"BIO"
"1_3173";"113";"0";"2";"0";"2";"BIO"
"1_3197";"113";"0";"2";"2";"0";"BIO"
"1_3429";"113";"0";"1";"1";"2";"BIO"
"1_3563";"113";"0";"1";"0";"2";"BIO"
"1_3700";"113";"0";"1";"2";"2";"BIO"
"1_3712";"113";"0";"1";"1";"1";"BIO"
"1_3722";"113";"0";"1";"0";"0";"BIO"
"1_3906";"113";"0";"1";"2";"0";"BIO"
"1_3935";"113";"0";"1";"1";"1";"BIO"
"1_3989";"113";"0";"2";"1";"1";"BIO"
"1_4192";"113";"0";"1";"0";"0";"BIO"
"1_4240";"113";"0";"1";"1";"0";"BIO"
"1_4261";"113";"0";"1";"3";"3";"BIO"
"1_4344";"113";"0";"1";"1";"1";"BIO"
"1_4405";"113";"0";"1";"0";"1";"BIO"
"1_4436";"113";"0";"1";"0";"3";"BIO"
"1_4440";"113";"0";"2";"1";"0";"BIO"
"1_4483";"113";"0";"1";"0";"1";"BIO"
"1_4572";"113";"0";"1";"0";"1";"BIO"
"1_4803";"113";"0";"1";"0";"1";"BIO"
"1_4819";"113";"0";"2";"3";"0";"BIO"
"1_5157";"113";"0";"1";"0";"1";"BIO"
"1_5160";"113";"0";"1";"1";"1";"BIO"
"1_5217";"113";"0";"1";"0";"1";"BIO"
"1_5221";"113";"0";"2";"0";"0";"BIO"
"1_5487";"113";"0";"1";"2";"1";"BIO"
"1_5547";"113";"0";"1";"0";"1";"BIO"
"1_5554";"113";"0";"1";"0";"3";"BIO"
"1_5719";"113";"0";"1";"0";"0";"BIO"
"1_5767";"113";"0";"1";"1";"6";"BIO"
"1_5833";"113";"0";"1";"2";"0";"BIO"
"1_5966";"113";"0";"1";"0";"0";"BIO"
"1_6031";"113";"0";"1";"0";"1";"BIO"
"1_6084";"113";"0";"1";"1";"6";"BIO"
"1_6176";"113";"0";"1";"0";"4";"BIO"
"1_743";"113";"0";"1";"0";"0";"BIO"
"1_754";"113";"1";"1";"2";"1";"BIO"
"1_887";"113";"0";"1";"0";"1";"BIO"
"1_1387";"112";"0";"5";"3";"1";"BIO"
"1_1338";"111";"1";"0";"0";"0";"BIO"
"1_1442";"111";"0";"1";"0";"0";"BIO"
"1_1476";"111";"0";"1";"0";"0";"BIO"
"1_1483";"111";"0";"1";"2";"3";"BIO"
"1_151";"111";"1";"0";"0";"0";"BIO"
"1_1776";"111";"1";"0";"0";"0";"BIO"
"1_1783";"111";"0";"1";"0";"0";"BIO"
"1_1867";"111";"0";"1";"0";"0";"BIO"
"1_2940";"111";"0";"1";"0";"1";"BIO"
"1_2956";"111";"0";"1";"0";"1";"BIO"
"1_2995";"111";"0";"1";"0";"0";"BIO"
"1_3045";"111";"0";"1";"0";"0";"BIO"
"1_3049";"111";"0";"1";"0";"0";"BIO"
"1_3066";"111";"0";"1";"0";"0";"BIO"
"1_3140";"111";"0";"1";"0";"0";"BIO"
"1_3191";"111";"0";"1";"0";"0";"BIO"
"1_3347";"111";"0";"2";"13";"2";"BIO"
"1_3362";"111";"0";"1";"0";"0";"BIO"
"1_3366";"111";"0";"1";"1";"0";"BIO"
"1_337";"111";"1";"0";"0";"0";"BIO"
"1_3403";"111";"0";"1";"0";"0";"BIO"
"1_3433";"111";"1";"0";"0";"0";"BIO"
"1_3450";"111";"0";"1";"0";"1";"BIO"
"1_3501";"111";"0";"1";"0";"1";"BIO"
"1_3587";"111";"0";"1";"0";"0";"BIO"
"1_3635";"111";"0";"1";"0";"0";"BIO"
"1_3788";"111";"0";"1";"0";"0";"BIO"
"1_3830";"111";"0";"1";"0";"0";"BIO"
"1_3867";"111";"0";"1";"0";"0";"BIO"
"1_395";"111";"1";"0";"2";"1";"BIO"
"1_3973";"111";"1";"0";"0";"0";"BIO"
"1_3986";"111";"2";"0";"0";"3";"BIO"
"1_4015";"111";"1";"0";"0";"0";"BIO"
"1_4016";"111";"0";"1";"1";"0";"BIO"
"1_4028";"111";"0";"1";"0";"0";"BIO"
"1_411";"111";"0";"1";"0";"0";"BIO"
"1_4116";"111";"3";"0";"0";"13";"BIO"
"1_4191";"111";"0";"1";"0";"0";"BIO"
"1_4246";"111";"1";"1";"0";"0";"BIO"
"1_4419";"111";"0";"2";"1";"0";"BIO"
"1_4420";"111";"0";"1";"0";"0";"BIO"
"1_4458";"111";"0";"1";"0";"0";"BIO"
"1_4531";"111";"0";"1";"2";"1";"BIO"
"1_4592";"111";"0";"1";"0";"0";"BIO"
"1_4618";"111";"0";"1";"1";"0";"BIO"
"1_4664";"111";"0";"1";"0";"0";"BIO"
"1_4701";"111";"1";"0";"0";"2";"BIO"
"1_4750";"111";"1";"0";"0";"1";"BIO"
"1_4808";"111";"0";"2";"2";"0";"BIO"
"1_4826";"111";"1";"1";"1";"0";"BIO"
"1_4903";"111";"0";"1";"0";"0";"BIO"
"1_4934";"111";"0";"1";"1";"2";"BIO"
"1_4965";"111";"0";"1";"0";"0";"BIO"
"1_4983";"111";"0";"1";"0";"0";"BIO"
"1_5122";"111";"1";"0";"0";"0";"BIO"
"1_5337";"111";"0";"1";"2";"4";"BIO"
"1_5444";"111";"1";"0";"0";"1";"BIO"
"1_5477";"111";"0";"1";"2";"0";"BIO"
"1_5504";"111";"0";"1";"0";"0";"BIO"
"1_5642";"111";"0";"1";"1";"0";"BIO"
"1_5732";"111";"0";"1";"0";"0";"BIO"
"1_5735";"111";"0";"1";"0";"0";"BIO"
"1_5874";"111";"0";"1";"3";"6";"BIO"
"1_5924";"111";"3";"0";"0";"0";"BIO"
"1_6036";"111";"0";"1";"0";"1";"BIO"
"1_6170";"111";"1";"0";"0";"1";"BIO"
"1_793";"111";"0";"1";"1";"0";"BIO"
"1_848";"111";"1";"0";"0";"2";"BIO"
"1_905";"111";"1";"0";"0";"1";"BIO"
"1_1715";"110";"0";"2";"0";"3";"BIO"
"1_4003";"110";"0";"1";"0";"1";"BIO"
"1_6019";"110";"0";"1";"0";"1";"BIO"
"1_924";"110";"0";"1";"0";"0";"BIO"
"1_1001";"109";"1";"0";"0";"0";"BIO"
"1_355";"109";"0";"0";"0";"1";"BIO"
"1_3677";"109";"0";"1";"1";"0";"BIO"
"1_4138";"109";"0";"1";"3";"1";"BIO"
"1_5720";"109";"0";"1";"2";"0";"BIO"
"1_95";"109";"1";"4";"0";"3";"BIO"
"1_1127";"108";"0";"1";"0";"1";"BIO"
"1_1169";"108";"0";"1";"0";"5";"BIO"
"1_1594";"108";"0";"3";"0";"3";"BIO"
"1_1713";"108";"0";"1";"1";"2";"BIO"
"1_1841";"108";"0";"1";"0";"1";"BIO"
"1_1891";"108";"0";"1";"0";"2";"BIO"
"1_2961";"108";"0";"1";"0";"1";"BIO"
"1_3064";"108";"0";"1";"0";"0";"BIO"
"1_3179";"108";"0";"1";"1";"0";"BIO"
"1_3189";"108";"0";"2";"1";"2";"BIO"
"1_3363";"108";"0";"1";"0";"0";"BIO"
"1_3425";"108";"0";"1";"1";"1";"BIO"
"1_3476";"108";"0";"1";"0";"0";"BIO"
"1_3503";"108";"0";"1";"2";"0";"BIO"
"1_3683";"108";"0";"1";"0";"1";"BIO"
"1_3845";"108";"0";"1";"0";"0";"BIO"
"1_3980";"108";"0";"1";"0";"0";"BIO"
"1_3997";"108";"0";"1";"0";"0";"BIO"
"1_4019";"108";"0";"1";"0";"0";"BIO"
"1_4048";"108";"0";"1";"2";"1";"BIO"
"1_4170";"108";"0";"1";"1";"1";"BIO"
"1_4229";"108";"0";"1";"2";"0";"BIO"
"1_4259";"108";"0";"1";"0";"0";"BIO"
"1_4300";"108";"0";"1";"0";"0";"BIO"
"1_4396";"108";"0";"1";"1";"5";"BIO"
"1_4421";"108";"0";"1";"1";"0";"BIO"
"1_4943";"108";"0";"1";"0";"1";"BIO"
"1_5139";"108";"0";"1";"0";"1";"BIO"
"1_5222";"108";"0";"1";"0";"0";"BIO"
"1_5591";"108";"0";"1";"0";"0";"BIO"
"1_5661";"108";"0";"1";"0";"1";"BIO"
"1_5706";"108";"0";"1";"1";"0";"BIO"
"1_5823";"108";"0";"1";"0";"0";"BIO"
"1_5944";"108";"0";"1";"0";"0";"BIO"
"1_5945";"108";"0";"1";"0";"0";"BIO"
"1_6050";"108";"0";"1";"0";"0";"BIO"
"1_6088";"108";"0";"1";"0";"0";"BIO"
"1_6125";"108";"0";"1";"0";"3";"BIO"
"1_6268";"108";"0";"2";"1";"4";"BIO"
"1_779";"108";"0";"1";"1";"0";"BIO"
"1_789";"108";"0";"1";"0";"0";"BIO"
"1_889";"108";"1";"1";"1";"1";"BIO"
"1_5925";"107";"0";"2";"0";"2";"BIO"
"1_1058";"106";"0";"1";"1";"0";"BIO"
"1_1128";"106";"1";"2";"0";"2";"BIO"
"1_2927";"106";"0";"1";"0";"0";"BIO"
"1_3035";"106";"1";"1";"0";"1";"BIO"
"1_3046";"106";"0";"1";"0";"0";"BIO"
"1_3077";"106";"0";"1";"1";"0";"BIO"
"1_3218";"106";"0";"1";"2";"0";"BIO"
"1_3253";"106";"0";"1";"0";"0";"BIO"
"1_3271";"106";"1";"1";"0";"0";"BIO"
"1_3280";"106";"2";"7";"3";"1";"BIO"
"1_3385";"106";"0";"1";"0";"0";"BIO"
"1_345";"106";"0";"1";"0";"0";"BIO"
"1_3511";"106";"0";"1";"0";"0";"BIO"
"1_3557";"106";"1";"1";"0";"0";"BIO"
"1_3664";"106";"0";"1";"5";"0";"BIO"
"1_3784";"106";"0";"1";"0";"0";"BIO"
"1_3793";"106";"0";"1";"0";"2";"BIO"
"1_3872";"106";"0";"1";"0";"0";"BIO"
"1_3937";"106";"0";"1";"0";"0";"BIO"
"1_3963";"106";"0";"1";"0";"0";"BIO"
"1_3982";"106";"0";"1";"1";"0";"BIO"
"1_4022";"106";"0";"1";"0";"1";"BIO"
"1_4188";"106";"0";"1";"0";"0";"BIO"
"1_4258";"106";"0";"1";"1";"0";"BIO"
"1_4319";"106";"0";"1";"1";"0";"BIO"
"1_4447";"106";"0";"3";"1";"1";"BIO"
"1_4526";"106";"0";"1";"0";"0";"BIO"
"1_4698";"106";"0";"1";"1";"0";"BIO"
"1_4779";"106";"0";"1";"0";"0";"BIO"
"1_4811";"106";"0";"1";"2";"4";"BIO"
"1_4918";"106";"0";"1";"0";"0";"BIO"
"1_4954";"106";"0";"1";"0";"0";"BIO"
"1_5083";"106";"0";"1";"1";"0";"BIO"
"1_5199";"106";"0";"1";"0";"0";"BIO"
"1_5260";"106";"0";"1";"0";"0";"BIO"
"1_5262";"106";"0";"1";"1";"0";"BIO"
"1_5350";"106";"0";"1";"0";"0";"BIO"
"1_5415";"106";"0";"1";"1";"0";"BIO"
"1_5534";"106";"0";"1";"1";"1";"BIO"
"1_5640";"106";"0";"1";"1";"0";"BIO"
"1_5891";"106";"0";"1";"0";"0";"BIO"
"1_5978";"106";"0";"1";"1";"0";"BIO"
"1_6073";"106";"0";"1";"0";"0";"BIO"
"1_6096";"106";"0";"2";"2";"1";"BIO"
"1_6130";"106";"0";"1";"0";"0";"BIO"
"1_6142";"106";"0";"1";"0";"1";"BIO"
"1_6196";"106";"0";"1";"0";"0";"BIO"
"1_6197";"106";"0";"1";"0";"0";"BIO"
"1_6257";"106";"0";"1";"0";"0";"BIO"
"1_6258";"106";"0";"1";"1";"1";"BIO"
"1_843";"106";"0";"1";"2";"6";"BIO"
"1_858";"106";"0";"1";"0";"0";"BIO"
"1_1795";"105";"1";"1";"0";"1";"BIO"
"1_3042";"105";"1";"2";"1";"5";"BIO"
"1_3530";"104";"0";"2";"1";"0";"BIO"
"1_4608";"104";"0";"1";"0";"1";"BIO"
"1_4947";"104";"2";"7";"14";"5";"BIO"
"1_4952";"104";"0";"1";"1";"1";"BIO"
"1_5162";"104";"0";"2";"0";"0";"BIO"
"1_5825";"104";"1";"5";"3";"2";"BIO"
"1_1043";"103";"0";"0";"1";"0";"BIO"
"1_1123";"103";"0";"1";"1";"1";"BIO"
"1_1174";"103";"0";"0";"2";"0";"BIO"
"1_1270";"103";"0";"0";"1";"0";"BIO"
"1_1395";"103";"0";"1";"0";"0";"BIO"
"1_2989";"103";"0";"0";"1";"0";"BIO"
"1_3725";"103";"0";"1";"0";"1";"BIO"
"1_3778";"103";"0";"1";"0";"1";"BIO"
"1_4328";"103";"0";"1";"1";"1";"BIO"
"1_5290";"103";"0";"1";"0";"2";"BIO"
"1_5604";"103";"0";"1";"0";"0";"BIO"
"1_5632";"103";"0";"1";"0";"0";"BIO"
"1_6062";"103";"0";"1";"0";"1";"BIO"
"1_915";"103";"0";"0";"2";"1";"BIO"
"1_1019";"101";"0";"0";"1";"4";"BIO"
"1_1059";"101";"0";"0";"1";"0";"BIO"
"1_106";"101";"0";"0";"2";"0";"BIO"
"1_1105";"101";"0";"0";"1";"0";"BIO"
"1_111";"101";"0";"0";"1";"0";"BIO"
"1_1129";"101";"0";"0";"1";"0";"BIO"
"1_1151";"101";"0";"0";"0";"1";"BIO"
"1_1201";"101";"0";"0";"3";"0";"BIO"
"1_1290";"101";"0";"0";"1";"0";"BIO"
"1_1302";"101";"0";"0";"1";"1";"BIO"
"1_1304";"101";"1";"1";"0";"1";"BIO"
"1_1383";"101";"0";"0";"0";"1";"BIO"
"1_1394";"101";"0";"0";"0";"1";"BIO"
"1_1423";"101";"0";"0";"1";"0";"BIO"
"1_1501";"101";"1";"0";"0";"0";"BIO"
"1_1528";"101";"0";"0";"0";"1";"BIO"
"1_1558";"101";"0";"0";"2";"0";"BIO"
"1_1560";"101";"0";"0";"0";"1";"BIO"
"1_1629";"101";"0";"0";"1";"0";"BIO"
"1_1665";"101";"0";"0";"1";"0";"BIO"
"1_1686";"101";"0";"0";"0";"1";"BIO"
"1_171";"101";"0";"0";"1";"0";"BIO"
"1_1738";"101";"0";"0";"0";"1";"BIO"
"1_1794";"101";"0";"0";"0";"1";"BIO"
"1_1818";"101";"0";"0";"1";"0";"BIO"
"1_1860";"101";"0";"0";"3";"0";"BIO"
"1_249";"101";"0";"0";"1";"2";"BIO"
"1_294";"101";"0";"0";"1";"0";"BIO"
"1_2949";"101";"0";"0";"1";"0";"BIO"
"1_2972";"101";"0";"0";"0";"1";"BIO"
"1_298";"101";"0";"0";"6";"4";"BIO"
"1_3103";"101";"0";"0";"0";"2";"BIO"
"1_3114";"101";"0";"0";"0";"1";"BIO"
"1_3162";"101";"0";"0";"1";"0";"BIO"
"1_325";"101";"0";"1";"0";"0";"BIO"
"1_3284";"101";"1";"0";"0";"1";"BIO"
"1_3294";"101";"0";"1";"3";"0";"BIO"
"1_3299";"101";"0";"0";"0";"1";"BIO"
"1_3311";"101";"0";"0";"1";"0";"BIO"
"1_3318";"101";"0";"1";"1";"0";"BIO"
"1_3324";"101";"1";"0";"0";"0";"BIO"
"1_336";"101";"0";"0";"1";"0";"BIO"
"1_3475";"101";"0";"1";"1";"0";"BIO"
"1_3506";"101";"0";"0";"1";"0";"BIO"
"1_3592";"101";"0";"1";"0";"0";"BIO"
"1_3608";"101";"0";"0";"2";"0";"BIO"
"1_3619";"101";"3";"3";"0";"1";"BIO"
"1_3651";"101";"0";"0";"0";"2";"BIO"
"1_367";"101";"0";"1";"0";"0";"BIO"
"1_3681";"101";"0";"0";"0";"1";"BIO"
"1_370";"101";"0";"0";"1";"0";"BIO"
"1_3702";"101";"0";"0";"0";"1";"BIO"
"1_3724";"101";"0";"0";"0";"1";"BIO"
"1_374";"101";"0";"0";"1";"0";"BIO"
"1_3857";"101";"0";"0";"1";"0";"BIO"
"1_387";"101";"0";"0";"0";"1";"BIO"
"1_3898";"101";"0";"0";"1";"0";"BIO"
"1_3905";"101";"0";"0";"0";"1";"BIO"
"1_3943";"101";"0";"0";"0";"1";"BIO"
"1_3969";"101";"0";"0";"1";"0";"BIO"
"1_4012";"101";"0";"1";"1";"0";"BIO"
"1_4046";"101";"0";"0";"0";"1";"BIO"
"1_4049";"101";"0";"0";"1";"0";"BIO"
"1_4059";"101";"1";"0";"0";"0";"BIO"
"1_4061";"101";"0";"0";"1";"0";"BIO"
"1_4066";"101";"0";"1";"0";"0";"BIO"
"1_409";"101";"0";"0";"1";"0";"BIO"
"1_4112";"101";"0";"0";"0";"1";"BIO"
"1_4154";"101";"0";"0";"0";"1";"BIO"
"1_4160";"101";"0";"1";"0";"2";"BIO"
"1_4203";"101";"0";"1";"0";"0";"BIO"
"1_422";"101";"0";"0";"1";"0";"BIO"
"1_4235";"101";"0";"1";"0";"0";"BIO"
"1_4264";"101";"0";"0";"2";"0";"BIO"
"1_4316";"101";"0";"0";"0";"1";"BIO"
"1_4335";"101";"1";"0";"0";"1";"BIO"
"1_4388";"101";"0";"1";"1";"2";"BIO"
"1_4422";"101";"5";"4";"6";"1";"BIO"
"1_4466";"101";"0";"1";"0";"0";"BIO"
"1_447";"101";"0";"0";"2";"0";"BIO"
"1_4508";"101";"0";"1";"0";"1";"BIO"
"1_4535";"101";"1";"0";"0";"0";"BIO"
"1_456";"101";"0";"0";"1";"0";"BIO"
"1_461";"101";"0";"0";"4";"0";"BIO"
"1_4641";"101";"0";"1";"3";"0";"BIO"
"1_471";"101";"0";"0";"6";"0";"BIO"
"1_4744";"101";"0";"0";"0";"4";"BIO"
"1_4776";"101";"0";"0";"2";"0";"BIO"
"1_4804";"101";"0";"0";"1";"0";"BIO"
"1_4945";"101";"0";"1";"0";"1";"BIO"
"1_4981";"101";"0";"1";"1";"2";"BIO"
"1_506";"101";"0";"0";"0";"1";"BIO"
"1_507";"101";"0";"0";"0";"1";"BIO"
"1_5095";"101";"0";"0";"1";"0";"BIO"
"1_5198";"101";"0";"0";"0";"1";"BIO"
"1_525";"101";"0";"0";"1";"0";"BIO"
"1_528";"101";"0";"0";"1";"0";"BIO"
"1_5287";"101";"0";"1";"0";"0";"BIO"
"1_5346";"101";"2";"0";"0";"0";"BIO"
"1_5396";"101";"0";"0";"0";"2";"BIO"
"1_5488";"101";"0";"0";"0";"1";"BIO"
"1_5650";"101";"0";"1";"1";"0";"BIO"
"1_5692";"101";"0";"0";"2";"0";"BIO"
"1_5734";"101";"0";"0";"5";"0";"BIO"
"1_5773";"101";"0";"1";"1";"0";"BIO"
"1_5802";"101";"0";"1";"1";"0";"BIO"
"1_5860";"101";"0";"0";"1";"0";"BIO"
"1_5862";"101";"0";"0";"0";"1";"BIO"
"1_5906";"101";"0";"0";"0";"2";"BIO"
"1_5947";"101";"0";"0";"2";"1";"BIO"
"1_5948";"101";"0";"0";"0";"1";"BIO"
"1_5950";"101";"0";"0";"0";"1";"BIO"
"1_5953";"101";"0";"0";"0";"1";"BIO"
"1_5971";"101";"0";"0";"0";"1";"BIO"
"1_5988";"101";"0";"0";"0";"1";"BIO"
"1_60";"101";"0";"0";"0";"2";"BIO"
"1_6024";"101";"0";"1";"0";"0";"BIO"
"1_6065";"101";"1";"0";"0";"0";"BIO"
"1_6091";"101";"0";"0";"0";"1";"BIO"
"1_6139";"101";"0";"0";"0";"2";"BIO"
"1_6141";"101";"0";"0";"0";"1";"BIO"
"1_6145";"101";"0";"0";"0";"1";"BIO"
"1_6149";"101";"0";"0";"0";"1";"BIO"
"1_6154";"101";"1";"0";"0";"0";"BIO"
"1_6160";"101";"0";"0";"0";"1";"BIO"
"1_6168";"101";"0";"0";"0";"1";"BIO"
"1_6171";"101";"0";"0";"0";"1";"BIO"
"1_6184";"101";"0";"0";"1";"0";"BIO"
"1_6277";"101";"0";"0";"0";"1";"BIO"
"1_63";"101";"0";"0";"2";"0";"BIO"
"1_633";"101";"0";"0";"0";"1";"BIO"
"1_757";"101";"3";"0";"5";"3";"BIO"
"1_78";"101";"1";"0";"0";"1";"BIO"
"1_840";"101";"0";"0";"0";"2";"BIO"
"1_85";"101";"0";"0";"0";"1";"BIO"
"1_898";"101";"0";"0";"0";"1";"BIO"
"1_981";"101";"0";"0";"0";"1";"BIO"
"1_3864";"100";"4";"1";"1";"1";"BIO"
"1_3094";"99";"0";"1";"0";"0";"BIO"
"1_4095";"99";"1";"1";"1";"0";"BIO"
"1_6200";"99";"0";"1";"2";"0";"BIO"
"1_1862";"97";"0";"2";"3";"4";"BIO"
"1_3248";"97";"0";"1";"0";"0";"BIO"
"1_3367";"97";"0";"1";"0";"0";"BIO"
"1_3841";"97";"2";"3";"1";"3";"BIO"
"1_4013";"97";"0";"6";"0";"2";"BIO"
"1_1497";"96";"1";"1";"1";"0";"BIO"
"1_1563";"96";"0";"1";"1";"3";"BIO"
"1_4428";"96";"1";"0";"0";"1";"BIO"
"1_6038";"96";"3";"0";"0";"1";"BIO"
"1_3800";"93";"0";"8";"4";"6";"BIO"
"1_4036";"93";"2";"1";"1";"1";"BIO"
"1_1126";"91";"0";"1";"0";"0";"BIO"
"1_468";"91";"1";"0";"0";"0";"BIO"
"1_601";"91";"0";"3";"0";"1";"BIO"
"1_641";"91";"1";"0";"0";"0";"BIO"
"1_91";"91";"2";"0";"0";"0";"BIO"
"1_4376";"90";"5";"0";"0";"1";"BIO"
"1_1032";"89";"1";"1";"0";"0";"BIO"
"1_3020";"88";"1";"1";"1";"0";"BIO"
"1_4202";"88";"1";"2";"0";"1";"BIO"
"1_5995";"87";"3";"1";"1";"0";"BIO"
"1_3043";"86";"1";"0";"0";"0";"BIO"
"1_5164";"86";"9";"9";"4";"4";"BIO"
"1_4497";"85";"0";"8";"1";"4";"BIO"
"1_1236";"83";"0";"4";"1";"0";"BIO"
"1_2952";"83";"0";"1";"0";"0";"BIO"
"1_753";"83";"0";"1";"0";"2";"BIO"
"1_1060";"81";"2";"0";"0";"2";"BIO"
"1_1421";"81";"1";"0";"0";"0";"BIO"
"1_1660";"81";"1";"0";"1";"5";"BIO"
"1_1739";"81";"5";"0";"3";"1";"BIO"
"1_210";"81";"1";"1";"0";"0";"BIO"
"1_2967";"81";"0";"2";"0";"0";"BIO"
"1_3893";"81";"0";"3";"0";"1";"BIO"
"1_742";"81";"1";"0";"0";"0";"BIO"
"1_929";"81";"2";"0";"0";"1";"BIO"
"1_5630";"80";"0";"11";"13";"12";"BIO"
"1_3001";"78";"4";"2";"3";"0";"BIO"
"1_5085";"77";"0";"6";"4";"6";"BIO"
"1_972";"77";"0";"4";"2";"4";"BIO"
"1_1113";"76";"0";"1";"0";"0";"BIO"
"1_1521";"76";"4";"0";"0";"1";"BIO"
"1_1656";"76";"3";"1";"0";"0";"BIO"
"1_322";"76";"1";"0";"0";"0";"BIO"
"1_359";"76";"0";"3";"1";"0";"BIO"
"1_508";"76";"2";"1";"1";"1";"BIO"
"1_5297";"76";"6";"0";"0";"0";"BIO"
"1_828";"76";"2";"0";"0";"0";"BIO"
"1_991";"76";"2";"1";"1";"2";"BIO"
"1_4510";"75";"3";"0";"0";"0";"BIO"
"1_4433";"73";"0";"4";"4";"10";"BIO"
"1_5275";"73";"0";"9";"0";"1";"BIO"
"1_5356";"73";"0";"1";"1";"0";"BIO"
"1_1535";"71";"1";"0";"0";"0";"BIO"
"1_1640";"71";"2";"0";"0";"0";"BIO"
"1_1911";"71";"2";"0";"0";"0";"BIO"
"1_3010";"71";"0";"1";"2";"0";"BIO"
"1_3232";"71";"0";"6";"0";"3";"BIO"
"1_434";"71";"0";"2";"0";"0";"BIO"
"1_5726";"71";"1";"0";"0";"0";"BIO"
"1_599";"71";"0";"1";"0";"1";"BIO"
"1_663";"71";"1";"0";"0";"0";"BIO"
"1_285";"69";"1";"0";"0";"1";"BIO"
"1_3029";"69";"3";"0";"0";"1";"BIO"
"1_4747";"69";"9";"2";"0";"2";"BIO"
"1_5343";"69";"0";"3";"1";"0";"BIO"
"1_5937";"69";"1";"0";"0";"1";"BIO"
"1_3922";"68";"0";"2";"6";"2";"BIO"
"1_4794";"68";"3";"2";"0";"3";"BIO"
"1_1489";"66";"0";"3";"1";"0";"BIO"
"1_1876";"66";"1";"0";"0";"0";"BIO"
"1_1898";"66";"1";"0";"0";"0";"BIO"
"1_3156";"66";"2";"0";"0";"0";"BIO"
"1_4506";"66";"1";"0";"0";"0";"BIO"
"1_4802";"66";"0";"1";"0";"1";"BIO"
"1_5580";"66";"1";"0";"0";"0";"BIO"
"1_6133";"66";"1";"0";"0";"0";"BIO"
"1_675";"66";"1";"0";"0";"0";"BIO"
"1_832";"66";"1";"0";"0";"0";"BIO"
"1_1913";"65";"1";"5";"7";"4";"BIO"
"1_246";"65";"0";"2";"1";"2";"BIO"
"1_6116";"65";"0";"19";"9";"7";"BIO"
"1_1055";"63";"0";"1";"1";"2";"BIO"
"1_194";"63";"0";"2";"4";"1";"BIO"
"1_3258";"63";"2";"4";"8";"4";"BIO"
"1_4929";"63";"2";"2";"0";"2";"BIO"
"1_342";"62";"0";"4";"3";"1";"BIO"
"1_1454";"61";"0";"1";"0";"1";"BIO"
"1_1709";"61";"2";"0";"0";"2";"BIO"
"1_3026";"61";"0";"4";"0";"3";"BIO"
"1_3063";"61";"0";"1";"0";"0";"BIO"
"1_3196";"61";"1";"0";"0";"0";"BIO"
"1_3459";"61";"0";"3";"0";"2";"BIO"
"1_4221";"61";"2";"1";"0";"1";"BIO"
"1_4732";"61";"4";"0";"0";"0";"BIO"
"1_5729";"61";"0";"6";"2";"6";"BIO"
"1_5951";"61";"1";"0";"0";"0";"BIO"
"1_4136";"60";"5";"0";"3";"4";"BIO"
"1_123";"59";"1";"0";"0";"0";"BIO"
"1_333";"59";"0";"1";"0";"0";"BIO"
"1_3711";"58";"0";"1";"0";"0";"BIO"
"1_455";"57";"2";"0";"0";"0";"BIO"
"1_1820";"56";"0";"4";"0";"6";"BIO"
"1_3068";"56";"1";"0";"0";"0";"BIO"
"1_4696";"56";"3";"0";"0";"0";"BIO"
"1_4717";"56";"1";"7";"5";"4";"BIO"
"1_4882";"56";"1";"0";"0";"0";"BIO"
"1_492";"56";"1";"0";"0";"0";"BIO"
"1_546";"56";"0";"1";"0";"0";"BIO"
"1_1915";"54";"3";"0";"0";"0";"BIO"
"1_3090";"53";"0";"4";"3";"0";"BIO"
"1_3230";"53";"2";"1";"0";"1";"BIO"
"1_861";"53";"0";"1";"3";"2";"BIO"
"1_5657";"52";"1";"0";"0";"0";"BIO"
"1_5893";"52";"1";"4";"2";"2";"BIO"
"1_1191";"51";"0";"1";"0";"0";"BIO"
"1_1345";"51";"1";"0";"0";"0";"BIO"
"1_1409";"51";"0";"2";"1";"2";"BIO"
"1_1836";"51";"1";"1";"0";"1";"BIO"
"1_200";"51";"1";"0";"0";"0";"BIO"
"1_201";"51";"1";"0";"0";"0";"BIO"
"1_3323";"51";"2";"0";"0";"0";"BIO"
"1_3396";"51";"2";"0";"0";"2";"BIO"
"1_364";"51";"1";"0";"0";"0";"BIO"
"1_3990";"51";"1";"0";"0";"0";"BIO"
"1_4069";"51";"2";"0";"0";"0";"BIO"
"1_483";"51";"0";"1";"0";"0";"BIO"
"1_5686";"51";"2";"2";"2";"0";"BIO"
"1_622";"51";"0";"2";"0";"0";"BIO"
"1_697";"51";"1";"0";"0";"0";"BIO"
"1_748";"51";"2";"0";"0";"0";"BIO"
"1_770";"51";"0";"1";"0";"0";"BIO"
"1_821";"51";"0";"1";"0";"0";"BIO"
"1_824";"51";"0";"1";"0";"0";"BIO"
"1_913";"51";"0";"1";"0";"0";"BIO"
"1_140";"49";"0";"1";"0";"0";"BIO"
"1_3829";"49";"1";"4";"0";"3";"BIO"
"1_4058";"49";"0";"13";"3";"1";"BIO"
"1_4922";"49";"1";"0";"0";"0";"BIO"
"1_1350";"48";"0";"1";"1";"0";"BIO"
"1_1728";"48";"0";"2";"0";"0";"BIO"
"1_3859";"48";"1";"1";"0";"0";"BIO"
"1_3942";"48";"1";"1";"0";"1";"BIO"
"1_5253";"48";"1";"2";"0";"0";"BIO"
"1_1452";"47";"3";"0";"1";"1";"BIO"
"1_945";"47";"0";"2";"2";"0";"BIO"
"1_1296";"46";"0";"1";"0";"1";"BIO"
"1_143";"46";"0";"1";"0";"0";"BIO"
"1_1568";"46";"1";"0";"0";"0";"BIO"
"1_3022";"46";"1";"0";"0";"0";"BIO"
"1_3057";"46";"1";"1";"1";"0";"BIO"
"1_3231";"46";"1";"0";"0";"0";"BIO"
"1_3445";"46";"2";"0";"0";"1";"BIO"
"1_3723";"46";"1";"0";"0";"0";"BIO"
"1_4025";"46";"4";"0";"0";"0";"BIO"
"1_4086";"46";"1";"0";"0";"0";"BIO"
"1_4175";"46";"6";"0";"0";"0";"BIO"
"1_4491";"46";"3";"0";"1";"0";"BIO"
"1_4519";"46";"0";"2";"2";"1";"BIO"
"1_4587";"46";"1";"1";"0";"0";"BIO"
"1_5115";"46";"3";"0";"0";"0";"BIO"
"1_527";"46";"1";"0";"0";"0";"BIO"
"1_55";"46";"0";"2";"0";"0";"BIO"
"1_5981";"46";"1";"0";"0";"0";"BIO"
"1_6214";"46";"0";"1";"0";"0";"BIO"
"1_946";"46";"1";"0";"0";"0";"BIO"
"1_1610";"45";"0";"3";"2";"1";"BIO"
"1_3775";"45";"0";"2";"2";"5";"BIO"
"1_4425";"45";"0";"2";"0";"1";"BIO"
"1_4746";"45";"0";"2";"1";"1";"BIO"
"1_1041";"44";"0";"1";"0";"0";"BIO"
"1_845";"44";"0";"1";"1";"0";"BIO"
"1_978";"44";"0";"1";"0";"0";"BIO"
"1_1163";"43";"0";"1";"0";"0";"BIO"
"1_3545";"43";"0";"1";"0";"0";"BIO"
"1_4702";"43";"0";"3";"5";"8";"BIO"
"1_4705";"43";"0";"2";"0";"2";"BIO"
"1_5054";"43";"0";"3";"0";"3";"BIO"
"1_1586";"42";"3";"0";"0";"1";"BIO"
"1_1084";"41";"2";"0";"0";"0";"BIO"
"1_1808";"41";"1";"0";"0";"0";"BIO"
"1_1843";"41";"0";"2";"0";"0";"BIO"
"1_1854";"41";"2";"0";"0";"0";"BIO"
"1_264";"41";"1";"0";"0";"0";"BIO"
"1_286";"41";"0";"1";"0";"0";"BIO"
"1_3174";"41";"0";"1";"0";"0";"BIO"
"1_3548";"41";"1";"0";"0";"0";"BIO"
"1_3597";"41";"3";"0";"0";"0";"BIO"
"1_380";"41";"1";"0";"0";"0";"BIO"
"1_4117";"41";"3";"0";"0";"0";"BIO"
"1_4313";"41";"1";"0";"0";"0";"BIO"
"1_440";"41";"1";"0";"0";"0";"BIO"
"1_4645";"41";"0";"5";"1";"1";"BIO"
"1_5011";"41";"2";"0";"0";"0";"BIO"
"1_5183";"41";"2";"0";"0";"3";"BIO"
"1_5263";"41";"0";"3";"0";"2";"BIO"
"1_5284";"41";"2";"1";"1";"0";"BIO"
"1_604";"41";"0";"1";"0";"0";"BIO"
"1_650";"41";"1";"0";"0";"0";"BIO"
"1_904";"41";"0";"1";"0";"0";"BIO"
"1_944";"41";"0";"1";"0";"0";"BIO"
"1_990";"41";"1";"0";"0";"1";"BIO"
"1_1870";"40";"0";"4";"0";"1";"BIO"
"1_3012";"40";"0";"2";"0";"3";"BIO"
"1_5213";"40";"1";"3";"0";"1";"BIO"
"1_1631";"39";"1";"0";"0";"0";"BIO"
"1_233";"39";"1";"4";"4";"1";"BIO"
"1_4735";"39";"4";"0";"1";"0";"BIO"
"1_4785";"39";"0";"1";"0";"0";"BIO"
"1_1175";"38";"0";"1";"0";"2";"BIO"
"1_1635";"38";"0";"1";"0";"0";"BIO"
"1_1692";"38";"0";"1";"1";"1";"BIO"
"1_265";"38";"0";"1";"0";"1";"BIO"
"1_3458";"38";"0";"7";"2";"2";"BIO"
"1_3538";"38";"0";"1";"1";"4";"BIO"
"1_382";"38";"0";"1";"0";"0";"BIO"
"1_3901";"38";"0";"2";"1";"3";"BIO"
"1_392";"38";"0";"1";"0";"2";"BIO"
"1_5799";"38";"4";"1";"1";"1";"BIO"
"1_920";"38";"0";"1";"0";"0";"BIO"
"1_3881";"37";"0";"3";"0";"0";"BIO"
"1_1038";"36";"0";"1";"0";"2";"BIO"
"1_1185";"36";"0";"1";"1";"0";"BIO"
"1_1211";"36";"0";"1";"0";"0";"BIO"
"1_1406";"36";"1";"1";"1";"0";"BIO"
"1_1420";"36";"0";"2";"0";"0";"BIO"
"1_1771";"36";"0";"1";"0";"0";"BIO"
"1_1919";"36";"0";"1";"0";"0";"BIO"
"1_2939";"36";"1";"0";"0";"0";"BIO"
"1_295";"36";"0";"1";"0";"1";"BIO"
"1_3099";"36";"0";"1";"0";"0";"BIO"
"1_3122";"36";"0";"1";"2";"2";"BIO"
"1_3150";"36";"1";"0";"0";"1";"BIO"
"1_318";"36";"0";"1";"0";"0";"BIO"
"1_3695";"36";"1";"0";"0";"0";"BIO"
"1_4194";"36";"1";"0";"0";"1";"BIO"
"1_4936";"36";"1";"0";"0";"0";"BIO"
"1_5499";"36";"2";"0";"0";"0";"BIO"
"1_5552";"36";"1";"0";"0";"1";"BIO"
"1_5607";"36";"1";"0";"0";"0";"BIO"
"1_5798";"36";"1";"0";"0";"0";"BIO"
"1_5861";"36";"1";"0";"0";"0";"BIO"
"1_3082";"35";"0";"3";"6";"1";"BIO"
"1_4306";"35";"0";"2";"0";"0";"BIO"
"1_4557";"35";"0";"2";"0";"1";"BIO"
"1_1193";"34";"0";"1";"0";"0";"BIO"
"1_1031";"33";"0";"1";"0";"3";"BIO"
"1_1787";"33";"0";"1";"0";"0";"BIO"
"1_3752";"33";"0";"1";"0";"0";"BIO"
"1_738";"33";"0";"1";"2";"2";"BIO"
"1_1010";"31";"0";"1";"0";"0";"BIO"
"1_1014";"31";"0";"1";"0";"1";"BIO"
"1_1015";"31";"0";"1";"1";"0";"BIO"
"1_1017";"31";"1";"0";"0";"0";"BIO"
"1_1274";"31";"1";"0";"0";"0";"BIO"
"1_1305";"31";"1";"0";"0";"0";"BIO"
"1_1337";"31";"0";"1";"0";"0";"BIO"
"1_1352";"31";"1";"0";"0";"0";"BIO"
"1_1360";"31";"0";"1";"0";"1";"BIO"
"1_1529";"31";"0";"1";"0";"0";"BIO"
"1_1627";"31";"1";"0";"0";"0";"BIO"
"1_1648";"31";"1";"0";"0";"0";"BIO"
"1_1785";"31";"1";"0";"0";"0";"BIO"
"1_1871";"31";"1";"0";"0";"0";"BIO"
"1_1909";"31";"0";"1";"0";"1";"BIO"
"1_209";"31";"1";"0";"1";"0";"BIO"
"1_2971";"31";"1";"0";"0";"0";"BIO"
"1_3111";"31";"0";"1";"0";"0";"BIO"
"1_3348";"31";"0";"1";"0";"1";"BIO"
"1_3571";"31";"0";"1";"0";"0";"BIO"
"1_3718";"31";"1";"0";"0";"0";"BIO"
"1_3960";"31";"1";"0";"0";"0";"BIO"
"1_4226";"31";"1";"0";"0";"0";"BIO"
"1_4564";"31";"0";"1";"0";"0";"BIO"
"1_4818";"31";"1";"1";"0";"0";"BIO"
"1_4836";"31";"1";"0";"0";"0";"BIO"
"1_4872";"31";"1";"0";"0";"0";"BIO"
"1_512";"31";"1";"0";"0";"0";"BIO"
"1_5243";"31";"0";"3";"0";"0";"BIO"
"1_5282";"31";"1";"0";"0";"0";"BIO"
"1_544";"31";"1";"0";"0";"0";"BIO"
"1_574";"31";"0";"1";"0";"0";"BIO"
"1_5946";"31";"1";"0";"0";"0";"BIO"
"1_681";"31";"1";"0";"0";"0";"BIO"
"1_901";"31";"1";"0";"0";"0";"BIO"
"1_932";"31";"0";"1";"1";"0";"BIO"
"1_965";"31";"0";"1";"0";"1";"BIO"
"1_4593";"30";"0";"3";"0";"0";"BIO"
"1_518";"30";"0";"1";"0";"1";"BIO"
"1_1492";"29";"0";"2";"1";"0";"BIO"
"1_1664";"29";"0";"1";"4";"1";"BIO"
"1_5087";"29";"2";"0";"0";"0";"BIO"
"1_5635";"29";"0";"2";"0";"1";"BIO"
"1_1374";"28";"0";"1";"1";"0";"BIO"
"1_1443";"28";"0";"1";"1";"1";"BIO"
"1_2969";"28";"0";"1";"0";"0";"BIO"
"1_2975";"28";"0";"1";"0";"0";"BIO"
"1_3537";"28";"0";"2";"0";"0";"BIO"
"1_3622";"28";"0";"1";"0";"0";"BIO"
"1_3770";"28";"0";"1";"0";"0";"BIO"
"1_3860";"28";"0";"1";"0";"1";"BIO"
"1_4720";"28";"1";"2";"3";"1";"BIO"
"1_4759";"28";"0";"2";"1";"0";"BIO"
"1_4798";"28";"1";"1";"0";"1";"BIO"
"1_4989";"28";"0";"4";"0";"0";"BIO"
"1_5215";"28";"0";"1";"0";"0";"BIO"
"1_5237";"28";"0";"1";"0";"1";"BIO"
"1_5584";"28";"1";"3";"2";"2";"BIO"
"1_6120";"28";"0";"1";"0";"2";"BIO"
"1_3782";"27";"0";"1";"0";"0";"BIO"
"1_1107";"26";"0";"1";"0";"0";"BIO"
"1_1380";"26";"0";"1";"2";"0";"BIO"
"1_1439";"26";"0";"1";"2";"0";"BIO"
"1_1509";"26";"0";"1";"0";"0";"BIO"
"1_1562";"26";"0";"1";"0";"0";"BIO"
"1_1700";"26";"0";"2";"1";"1";"BIO"
"1_2957";"26";"0";"1";"1";"5";"BIO"
"1_3006";"26";"0";"1";"0";"0";"BIO"
"1_3527";"26";"1";"0";"0";"0";"BIO"
"1_3749";"26";"0";"1";"0";"0";"BIO"
"1_3760";"26";"0";"2";"1";"0";"BIO"
"1_3842";"26";"1";"0";"0";"0";"BIO"
"1_4089";"26";"0";"1";"0";"1";"BIO"
"1_4176";"26";"0";"1";"0";"0";"BIO"
"1_4180";"26";"0";"1";"1";"0";"BIO"
"1_4403";"26";"0";"1";"0";"0";"BIO"
"1_4449";"26";"1";"1";"0";"0";"BIO"
"1_4671";"26";"0";"1";"0";"0";"BIO"
"1_4775";"26";"0";"1";"4";"2";"BIO"
"1_4789";"26";"1";"2";"1";"1";"BIO"
"1_4820";"26";"1";"0";"0";"0";"BIO"
"1_4866";"26";"0";"1";"0";"0";"BIO"
"1_5180";"26";"0";"1";"0";"0";"BIO"
"1_568";"26";"0";"1";"0";"0";"BIO"
"1_5936";"26";"0";"2";"0";"0";"BIO"
"1_6153";"26";"1";"1";"1";"0";"BIO"
"1_701";"26";"0";"1";"1";"1";"BIO"
"1_706";"26";"0";"1";"0";"0";"BIO"
"1_719";"26";"0";"1";"0";"2";"BIO"
"1_756";"26";"0";"1";"0";"2";"BIO"
"1_778";"26";"0";"1";"0";"0";"BIO"
"1_910";"26";"0";"1";"0";"0";"BIO"
"1_3647";"25";"0";"2";"0";"3";"BIO"
"1_4155";"25";"0";"2";"1";"2";"BIO"
"1_5502";"25";"0";"4";"4";"15";"BIO"
"1_6047";"25";"0";"2";"1";"3";"BIO"
"1_1119";"24";"0";"1";"0";"0";"BIO"
"1_4957";"24";"1";"1";"0";"1";"BIO"
"1_1504";"23";"2";"1";"0";"0";"BIO"
"1_1721";"23";"0";"1";"0";"0";"BIO"
"1_1882";"23";"0";"1";"0";"1";"BIO"
"1_3138";"23";"0";"1";"0";"0";"BIO"
"1_3763";"23";"0";"1";"0";"0";"BIO"
"1_3888";"23";"0";"1";"1";"0";"BIO"
"1_3981";"23";"2";"0";"0";"0";"BIO"
"1_4660";"23";"0";"1";"0";"0";"BIO"
"1_5101";"23";"0";"1";"0";"0";"BIO"
"1_5460";"23";"0";"11";"1";"10";"BIO"
"1_5603";"23";"0";"1";"0";"1";"BIO"
"1_6082";"23";"0";"2";"0";"1";"BIO"
"1_846";"23";"0";"1";"0";"0";"BIO"
"1_888";"23";"0";"1";"0";"0";"BIO"
"1_1359";"22";"0";"1";"1";"2";"BIO"
"1_1027";"21";"1";"0";"0";"0";"BIO"
"1_1030";"21";"0";"1";"0";"0";"BIO"
"1_1271";"21";"1";"0";"0";"1";"BIO"
"1_1332";"21";"1";"0";"0";"1";"BIO"
"1_1351";"21";"1";"0";"0";"0";"BIO"
"1_1365";"21";"1";"0";"0";"0";"BIO"
"1_1371";"21";"0";"1";"2";"0";"BIO"
"1_1437";"21";"0";"1";"0";"0";"BIO"
"1_1463";"21";"1";"0";"0";"0";"BIO"
"1_1498";"21";"1";"0";"0";"0";"BIO"
"1_1515";"21";"0";"1";"0";"0";"BIO"
"1_1518";"21";"1";"0";"0";"0";"BIO"
"1_1545";"21";"1";"0";"0";"0";"BIO"
"1_1548";"21";"1";"0";"0";"0";"BIO"
"1_1617";"21";"1";"0";"0";"0";"BIO"
"1_1639";"21";"0";"1";"0";"0";"BIO"
"1_1673";"21";"0";"1";"0";"0";"BIO"
"1_1719";"21";"1";"0";"0";"0";"BIO"
"1_1720";"21";"1";"0";"0";"0";"BIO"
"1_1726";"21";"1";"0";"0";"0";"BIO"
"1_1888";"21";"0";"1";"0";"0";"BIO"
"1_1904";"21";"0";"2";"0";"1";"BIO"
"1_2930";"21";"0";"1";"1";"1";"BIO"
"1_2977";"21";"1";"0";"0";"0";"BIO"
"1_2998";"21";"0";"1";"0";"0";"BIO"
"1_3000";"21";"1";"0";"0";"0";"BIO"
"1_3062";"21";"0";"1";"0";"0";"BIO"
"1_3266";"21";"2";"0";"0";"0";"BIO"
"1_3269";"21";"0";"1";"0";"0";"BIO"
"1_3308";"21";"0";"1";"3";"0";"BIO"
"1_3441";"21";"0";"1";"0";"0";"BIO"
"1_3541";"21";"0";"1";"0";"0";"BIO"
"1_3562";"21";"1";"0";"0";"0";"BIO"
"1_3586";"21";"2";"0";"0";"0";"BIO"
"1_3630";"21";"0";"1";"1";"0";"BIO"
"1_3750";"21";"0";"1";"2";"0";"BIO"
"1_4098";"21";"0";"1";"1";"0";"BIO"
"1_4161";"21";"1";"0";"0";"0";"BIO"
"1_4172";"21";"0";"1";"0";"0";"BIO"
"1_4280";"21";"0";"1";"0";"0";"BIO"
"1_4355";"21";"1";"0";"0";"0";"BIO"
"1_4367";"21";"1";"0";"0";"0";"BIO"
"1_437";"21";"1";"0";"0";"0";"BIO"
"1_4407";"21";"0";"1";"0";"0";"BIO"
"1_4435";"21";"1";"0";"0";"0";"BIO"
"1_4524";"21";"0";"2";"1";"1";"BIO"
"1_4525";"21";"0";"1";"1";"2";"BIO"
"1_4527";"21";"1";"0";"0";"0";"BIO"
"1_4553";"21";"0";"1";"0";"0";"BIO"
"1_4568";"21";"0";"1";"0";"0";"BIO"
"1_4607";"21";"0";"1";"0";"1";"BIO"
"1_4740";"21";"0";"2";"2";"0";"BIO"
"1_4757";"21";"0";"1";"1";"0";"BIO"
"1_4806";"21";"0";"2";"0";"0";"BIO"
"1_4829";"21";"1";"0";"0";"0";"BIO"
"1_4921";"21";"1";"0";"0";"0";"BIO"
"1_4953";"21";"1";"0";"0";"0";"BIO"
"1_4955";"21";"0";"1";"0";"0";"BIO"
"1_4973";"21";"1";"0";"0";"0";"BIO"
"1_5021";"21";"0";"1";"2";"0";"BIO"
"1_5037";"21";"1";"0";"0";"0";"BIO"
"1_5092";"21";"0";"1";"2";"0";"BIO"
"1_5149";"21";"0";"2";"0";"1";"BIO"
"1_5245";"21";"0";"1";"0";"0";"BIO"
"1_5247";"21";"1";"0";"0";"0";"BIO"
"1_5264";"21";"0";"1";"0";"0";"BIO"
"1_5270";"21";"1";"0";"0";"0";"BIO"
"1_5272";"21";"1";"0";"0";"0";"BIO"
"1_5314";"21";"0";"1";"0";"0";"BIO"
"1_5391";"21";"0";"1";"0";"0";"BIO"
"1_5414";"21";"0";"2";"0";"0";"BIO"
"1_5434";"21";"1";"0";"0";"0";"BIO"
"1_5561";"21";"1";"0";"0";"0";"BIO"
"1_5619";"21";"0";"1";"0";"0";"BIO"
"1_5783";"21";"1";"0";"0";"0";"BIO"
"1_5808";"21";"1";"0";"0";"0";"BIO"
"1_5869";"21";"1";"0";"0";"0";"BIO"
"1_5871";"21";"1";"0";"0";"0";"BIO"
"1_5980";"21";"1";"0";"0";"0";"BIO"
"1_6099";"21";"1";"0";"0";"0";"BIO"
"1_6144";"21";"1";"0";"0";"0";"BIO"
"1_6217";"21";"1";"0";"0";"0";"BIO"
"1_902";"21";"1";"0";"0";"0";"BIO"
"1_916";"21";"1";"0";"0";"0";"BIO"
"1_919";"21";"1";"0";"0";"0";"BIO"
"1_1533";"20";"0";"2";"0";"5";"BIO"
"1_3761";"20";"0";"2";"0";"1";"BIO"
"1_4562";"20";"0";"2";"1";"1";"BIO"
"1_4652";"20";"0";"3";"3";"1";"BIO"
"1_5354";"20";"1";"2";"1";"8";"BIO"
"1_5596";"20";"0";"3";"1";"3";"BIO"
"1_1266";"19";"1";"0";"0";"0";"BIO"
"1_1335";"19";"1";"0";"1";"0";"BIO"
"1_1889";"19";"0";"1";"0";"0";"BIO"
"1_3388";"19";"0";"2";"1";"0";"BIO"
"1_3558";"19";"0";"7";"11";"6";"BIO"
"1_435";"19";"1";"0";"0";"0";"BIO"
"1_4996";"19";"1";"1";"0";"0";"BIO"
"1_5668";"19";"1";"0";"0";"0";"BIO"
"1_1432";"18";"0";"2";"1";"3";"BIO"
"1_3091";"18";"0";"1";"2";"0";"BIO"
"1_3176";"18";"1";"1";"0";"0";"BIO"
"1_3440";"18";"0";"1";"0";"2";"BIO"
"1_3554";"18";"0";"1";"0";"0";"BIO"
"1_3806";"18";"0";"1";"0";"0";"BIO"
"1_3932";"18";"0";"1";"0";"1";"BIO"
"1_4064";"18";"0";"1";"0";"0";"BIO"
"1_4068";"18";"0";"1";"0";"0";"BIO"
"1_4071";"18";"0";"1";"0";"1";"BIO"
"1_4151";"18";"0";"1";"0";"0";"BIO"
"1_4333";"18";"0";"1";"0";"0";"BIO"
"1_4680";"18";"0";"2";"2";"1";"BIO"
"1_4800";"18";"0";"1";"0";"0";"BIO"
"1_4847";"18";"0";"5";"0";"3";"BIO"
"1_4941";"18";"0";"2";"0";"0";"BIO"
"1_4992";"18";"0";"1";"1";"1";"BIO"
"1_5150";"18";"0";"1";"0";"1";"BIO"
"1_5159";"18";"0";"1";"0";"0";"BIO"
"1_5376";"18";"0";"1";"1";"2";"BIO"
"1_5390";"18";"0";"1";"0";"0";"BIO"
"1_557";"18";"0";"1";"0";"1";"BIO"
"1_5804";"18";"0";"1";"0";"4";"BIO"
"1_5892";"18";"0";"1";"0";"2";"BIO"
"1_5930";"18";"0";"1";"0";"0";"BIO"
"1_6032";"18";"0";"2";"2";"0";"BIO"
"1_6183";"18";"0";"1";"1";"2";"BIO"
"1_6241";"18";"0";"2";"0";"0";"BIO"
"1_694";"18";"0";"1";"2";"0";"BIO"
"1_1053";"17";"2";"0";"0";"1";"BIO"
"1_2973";"17";"0";"1";"0";"0";"BIO"
"1_5277";"17";"3";"0";"0";"2";"BIO"
"1_5700";"17";"0";"6";"0";"3";"BIO"
"1_1026";"16";"0";"1";"1";"0";"BIO"
"1_1187";"16";"0";"1";"1";"0";"BIO"
"1_1240";"16";"0";"1";"0";"0";"BIO"
"1_1313";"16";"0";"1";"0";"0";"BIO"
"1_1353";"16";"0";"1";"2";"0";"BIO"
"1_1424";"16";"0";"1";"2";"0";"BIO"
"1_1482";"16";"0";"1";"0";"0";"BIO"
"1_1520";"16";"0";"1";"0";"0";"BIO"
"1_1583";"16";"0";"1";"0";"0";"BIO"
"1_1773";"16";"0";"1";"0";"0";"BIO"
"1_1789";"16";"0";"1";"0";"0";"BIO"
"1_1814";"16";"0";"1";"0";"0";"BIO"
"1_1822";"16";"0";"1";"0";"1";"BIO"
"1_1877";"16";"0";"1";"0";"0";"BIO"
"1_2935";"16";"0";"1";"0";"0";"BIO"
"1_2990";"16";"0";"1";"2";"0";"BIO"
"1_2993";"16";"0";"1";"0";"0";"BIO"
"1_3115";"16";"0";"1";"0";"0";"BIO"
"1_3124";"16";"0";"1";"0";"0";"BIO"
"1_3158";"16";"0";"1";"1";"0";"BIO"
"1_3609";"16";"1";"1";"2";"0";"BIO"
"1_3825";"16";"0";"1";"0";"0";"BIO"
"1_3880";"16";"0";"1";"0";"0";"BIO"
"1_4014";"16";"0";"1";"0";"1";"BIO"
"1_4113";"16";"0";"2";"1";"1";"BIO"
"1_4260";"16";"0";"1";"0";"2";"BIO"
"1_4274";"16";"1";"1";"1";"0";"BIO"
"1_4340";"16";"1";"1";"0";"1";"BIO"
"1_4379";"16";"0";"1";"0";"0";"BIO"
"1_4446";"16";"0";"1";"2";"0";"BIO"
"1_4457";"16";"0";"1";"1";"0";"BIO"
"1_4480";"16";"0";"1";"0";"0";"BIO"
"1_4489";"16";"0";"1";"0";"0";"BIO"
"1_4685";"16";"0";"2";"0";"0";"BIO"
"1_4772";"16";"0";"1";"0";"0";"BIO"
"1_4849";"16";"0";"1";"0";"0";"BIO"
"1_4852";"16";"0";"1";"1";"0";"BIO"
"1_4890";"16";"0";"3";"1";"0";"BIO"
"1_5039";"16";"1";"1";"1";"0";"BIO"
"1_5124";"16";"0";"1";"0";"0";"BIO"
"1_5128";"16";"0";"1";"0";"0";"BIO"
"1_5249";"16";"0";"1";"0";"0";"BIO"
"1_5457";"16";"0";"1";"2";"0";"BIO"
"1_5481";"16";"0";"1";"0";"0";"BIO"
"1_5486";"16";"0";"1";"2";"0";"BIO"
"1_5531";"16";"0";"1";"2";"0";"BIO"
"1_5676";"16";"0";"1";"0";"0";"BIO"
"1_5785";"16";"0";"1";"0";"0";"BIO"
"1_5819";"16";"0";"2";"2";"1";"BIO"
"1_5927";"16";"0";"2";"0";"0";"BIO"
"1_6209";"16";"0";"1";"0";"1";"BIO"
"1_954";"16";"0";"1";"0";"0";"BIO"
"1_4031";"15";"0";"2";"1";"1";"BIO"
"1_4357";"15";"1";"1";"0";"0";"BIO"
"1_4423";"15";"0";"2";"0";"2";"BIO"
"1_3112";"14";"0";"1";"1";"1";"BIO"
"1_3575";"14";"0";"1";"0";"0";"BIO"
"1_4007";"14";"0";"1";"0";"0";"BIO"
"1_4505";"14";"0";"1";"0";"0";"BIO"
"1_5165";"14";"0";"1";"0";"0";"BIO"
"1_636";"14";"0";"1";"0";"0";"BIO"
"1_886";"14";"0";"1";"3";"1";"BIO"
"1_1852";"13";"0";"1";"0";"0";"BIO"
"1_1914";"13";"0";"1";"0";"0";"BIO"
"1_3031";"13";"0";"1";"0";"0";"BIO"
"1_3142";"13";"0";"1";"0";"0";"BIO"
"1_3200";"13";"0";"1";"0";"0";"BIO"
"1_3549";"13";"0";"1";"0";"1";"BIO"
"1_3743";"13";"0";"1";"1";"1";"BIO"
"1_3892";"13";"0";"1";"0";"3";"BIO"
"1_4006";"13";"0";"1";"1";"1";"BIO"
"1_4224";"13";"0";"1";"0";"0";"BIO"
"1_4263";"13";"2";"1";"0";"0";"BIO"
"1_4293";"13";"0";"1";"0";"0";"BIO"
"1_4310";"13";"0";"1";"0";"0";"BIO"
"1_4330";"13";"1";"1";"0";"1";"BIO"
"1_4410";"13";"0";"1";"0";"1";"BIO"
"1_4442";"13";"0";"1";"0";"1";"BIO"
"1_4477";"13";"0";"1";"2";"3";"BIO"
"1_4561";"13";"0";"1";"0";"0";"BIO"
"1_4905";"13";"0";"1";"0";"2";"BIO"
"1_5182";"13";"0";"2";"8";"1";"BIO"
"1_5475";"13";"0";"1";"0";"1";"BIO"
"1_5516";"13";"0";"1";"1";"1";"BIO"
"1_5910";"13";"0";"2";"0";"2";"BIO"
"1_5963";"13";"1";"1";"0";"3";"BIO"
"1_6041";"13";"0";"1";"0";"1";"BIO"
"1_6044";"13";"0";"2";"0";"1";"BIO"
"1_6110";"13";"0";"1";"0";"1";"BIO"
"1_6236";"13";"0";"1";"0";"0";"BIO"
"1_690";"13";"1";"0";"0";"0";"BIO"
"1_994";"13";"0";"3";"2";"1";"BIO"
"1_5852";"12";"1";"1";"0";"0";"BIO"
"1_1013";"11";"0";"1";"3";"0";"BIO"
"1_1021";"11";"1";"0";"0";"0";"BIO"
"1_1255";"11";"0";"1";"0";"0";"BIO"
"1_1295";"11";"1";"0";"0";"0";"BIO"
"1_1502";"11";"0";"1";"0";"1";"BIO"
"1_1591";"11";"1";"0";"0";"0";"BIO"
"1_1643";"11";"0";"1";"0";"0";"BIO"
"1_1666";"11";"0";"1";"1";"0";"BIO"
"1_1697";"11";"1";"0";"0";"0";"BIO"
"1_1792";"11";"0";"1";"1";"0";"BIO"
"1_1892";"11";"0";"1";"0";"0";"BIO"
"1_2962";"11";"1";"0";"0";"0";"BIO"
"1_2988";"11";"1";"0";"0";"0";"BIO"
"1_3003";"11";"1";"0";"0";"0";"BIO"
"1_3044";"11";"0";"1";"0";"0";"BIO"
"1_3054";"11";"1";"0";"0";"0";"BIO"
"1_3058";"11";"0";"1";"0";"0";"BIO"
"1_3096";"11";"0";"1";"0";"0";"BIO"
"1_3170";"11";"0";"2";"0";"0";"BIO"
"1_3207";"11";"0";"1";"0";"0";"BIO"
"1_3264";"11";"1";"1";"3";"0";"BIO"
"1_3316";"11";"0";"1";"2";"0";"BIO"
"1_3358";"11";"0";"1";"0";"0";"BIO"
"1_3364";"11";"1";"0";"0";"0";"BIO"
"1_3397";"11";"1";"0";"0";"0";"BIO"
"1_3415";"11";"0";"1";"0";"1";"BIO"
"1_3427";"11";"1";"0";"0";"0";"BIO"
"1_3444";"11";"1";"0";"0";"1";"BIO"
"1_3504";"11";"1";"0";"0";"0";"BIO"
"1_3536";"11";"1";"0";"0";"0";"BIO"
"1_3555";"11";"1";"0";"0";"0";"BIO"
"1_3569";"11";"0";"2";"0";"0";"BIO"
"1_3579";"11";"1";"0";"0";"0";"BIO"
"1_3720";"11";"0";"1";"2";"1";"BIO"
"1_3737";"11";"0";"1";"2";"0";"BIO"
"1_3758";"11";"2";"0";"0";"0";"BIO"
"1_3762";"11";"1";"0";"0";"0";"BIO"
"1_3801";"11";"0";"1";"1";"0";"BIO"
"1_3851";"11";"3";"0";"0";"0";"BIO"
"1_3879";"11";"1";"0";"0";"0";"BIO"
"1_3890";"11";"1";"0";"0";"0";"BIO"
"1_3983";"11";"1";"0";"0";"1";"BIO"
"1_3987";"11";"0";"1";"5";"0";"BIO"
"1_4033";"11";"1";"0";"0";"0";"BIO"
"1_4070";"11";"0";"1";"0";"2";"BIO"
"1_4076";"11";"2";"0";"0";"2";"BIO"
"1_4197";"11";"0";"1";"0";"0";"BIO"
"1_4222";"11";"1";"0";"0";"0";"BIO"
"1_4276";"11";"0";"1";"0";"0";"BIO"
"1_4291";"11";"1";"0";"0";"0";"BIO"
"1_4303";"11";"0";"1";"0";"0";"BIO"
"1_4370";"11";"0";"1";"0";"0";"BIO"
"1_4394";"11";"1";"0";"0";"0";"BIO"
"1_4453";"11";"1";"0";"0";"0";"BIO"
"1_4481";"11";"0";"1";"1";"1";"BIO"
"1_4520";"11";"0";"1";"0";"0";"BIO"
"1_4537";"11";"0";"1";"0";"1";"BIO"
"1_4570";"11";"1";"0";"0";"0";"BIO"
"1_4578";"11";"0";"1";"0";"0";"BIO"
"1_4582";"11";"1";"0";"0";"0";"BIO"
"1_4590";"11";"1";"0";"0";"0";"BIO"
"1_4635";"11";"1";"0";"0";"0";"BIO"
"1_4643";"11";"0";"1";"0";"0";"BIO"
"1_4683";"11";"1";"0";"0";"0";"BIO"
"1_4713";"11";"1";"0";"0";"0";"BIO"
"1_4714";"11";"2";"0";"0";"0";"BIO"
"1_4726";"11";"3";"0";"0";"0";"BIO"
"1_4742";"11";"1";"0";"0";"0";"BIO"
"1_4753";"11";"0";"1";"0";"0";"BIO"
"1_4756";"11";"2";"0";"0";"0";"BIO"
"1_4797";"11";"1";"0";"0";"0";"BIO"
"1_4810";"11";"0";"1";"2";"1";"BIO"
"1_4837";"11";"0";"1";"0";"0";"BIO"
"1_4845";"11";"1";"0";"0";"0";"BIO"
"1_4855";"11";"1";"0";"0";"0";"BIO"
"1_4886";"11";"1";"0";"0";"0";"BIO"
"1_4889";"11";"0";"1";"1";"0";"BIO"
"1_4892";"11";"0";"1";"0";"0";"BIO"
"1_4897";"11";"0";"1";"0";"0";"BIO"
"1_4944";"11";"0";"1";"0";"2";"BIO"
"1_4949";"11";"0";"1";"0";"0";"BIO"
"1_4967";"11";"1";"0";"0";"0";"BIO"
"1_5003";"11";"1";"0";"0";"0";"BIO"
"1_5014";"11";"0";"4";"2";"5";"BIO"
"1_5017";"11";"0";"1";"0";"0";"BIO"
"1_5031";"11";"0";"1";"0";"0";"BIO"
"1_5038";"11";"0";"1";"0";"0";"BIO"
"1_5068";"11";"1";"0";"0";"0";"BIO"
"1_5071";"11";"0";"1";"0";"0";"BIO"
"1_5078";"11";"0";"1";"0";"0";"BIO"
"1_5098";"11";"1";"0";"0";"0";"BIO"
"1_5202";"11";"0";"1";"1";"0";"BIO"
"1_5212";"11";"0";"1";"0";"3";"BIO"
"1_5248";"11";"1";"0";"0";"0";"BIO"
"1_5276";"11";"0";"1";"0";"0";"BIO"
"1_5296";"11";"1";"0";"0";"0";"BIO"
"1_5299";"11";"0";"1";"0";"0";"BIO"
"1_5363";"11";"1";"0";"0";"0";"BIO"
"1_5373";"11";"1";"0";"0";"1";"BIO"
"1_5405";"11";"1";"0";"0";"0";"BIO"
"1_5411";"11";"0";"1";"0";"0";"BIO"
"1_5441";"11";"0";"1";"0";"0";"BIO"
"1_5489";"11";"0";"1";"2";"1";"BIO"
"1_5551";"11";"1";"0";"0";"0";"BIO"
"1_5559";"11";"1";"0";"0";"0";"BIO"
"1_5569";"11";"0";"1";"2";"1";"BIO"
"1_5577";"11";"1";"0";"0";"0";"BIO"
"1_5587";"11";"1";"0";"0";"0";"BIO"
"1_5589";"11";"1";"0";"0";"0";"BIO"
"1_5633";"11";"1";"0";"0";"0";"BIO"
"1_5644";"11";"1";"0";"0";"0";"BIO"
"1_5665";"11";"0";"1";"0";"0";"BIO"
"1_5714";"11";"0";"1";"0";"1";"BIO"
"1_5744";"11";"1";"0";"0";"0";"BIO"
"1_5761";"11";"2";"0";"0";"0";"BIO"
"1_5792";"11";"2";"0";"0";"0";"BIO"
"1_5805";"11";"0";"1";"0";"0";"BIO"
"1_5879";"11";"1";"0";"0";"0";"BIO"
"1_5886";"11";"0";"1";"0";"0";"BIO"
"1_5889";"11";"1";"0";"0";"0";"BIO"
"1_5929";"11";"1";"0";"0";"1";"BIO"
"1_5991";"11";"0";"1";"0";"1";"BIO"
"1_5997";"11";"0";"1";"0";"0";"BIO"
"1_6051";"11";"0";"1";"0";"0";"BIO"
"1_6054";"11";"2";"0";"0";"0";"BIO"
"1_6095";"11";"0";"1";"0";"0";"BIO"
"1_6106";"11";"0";"1";"0";"0";"BIO"
"1_6117";"11";"0";"1";"0";"0";"BIO"
"1_6122";"11";"0";"1";"1";"0";"BIO"
"1_6136";"11";"0";"1";"0";"0";"BIO"
"1_6175";"11";"0";"1";"0";"0";"BIO"
"1_6195";"11";"0";"2";"0";"0";"BIO"
"1_6211";"11";"1";"0";"0";"0";"BIO"
"1_6224";"11";"1";"0";"0";"0";"BIO"
"1_6229";"11";"0";"1";"0";"0";"BIO"
"1_6247";"11";"1";"0";"0";"0";"BIO"
"1_6261";"11";"1";"0";"0";"0";"BIO"
"1_877";"11";"1";"1";"2";"0";"BIO"
"1_4629";"10";"0";"2";"0";"0";"BIO"
"1_5736";"10";"0";"2";"1";"1";"BIO"
"1_1285";"9";"0";"1";"0";"1";"BIO"
"1_1634";"9";"0";"1";"0";"0";"BIO"
"1_1829";"9";"1";"0";"0";"0";"BIO"
"1_1873";"9";"0";"1";"0";"0";"BIO"
"1_3098";"9";"0";"1";"0";"0";"BIO"
"1_3470";"9";"0";"1";"1";"0";"BIO"
"1_3822";"9";"1";"0";"0";"0";"BIO"
"1_3835";"9";"1";"0";"0";"0";"BIO"
"1_4386";"9";"0";"1";"5";"1";"BIO"
"1_5033";"9";"1";"0";"0";"0";"BIO"
"1_5066";"9";"2";"0";"0";"0";"BIO"
"1_5385";"9";"2";"0";"0";"0";"BIO"
"1_3163";"8";"0";"1";"0";"0";"BIO"
"1_3461";"8";"0";"1";"0";"1";"BIO"
"1_3490";"8";"0";"1";"0";"1";"BIO"
"1_3607";"8";"0";"1";"0";"0";"BIO"
"1_3903";"8";"0";"1";"0";"1";"BIO"
"1_4107";"8";"0";"1";"0";"2";"BIO"
"1_4128";"8";"0";"1";"0";"0";"BIO"
"1_4279";"8";"0";"1";"0";"1";"BIO"
"1_4418";"8";"0";"1";"0";"1";"BIO"
"1_4738";"8";"0";"1";"0";"0";"BIO"
"1_4830";"8";"0";"1";"0";"0";"BIO"
"1_5029";"8";"0";"1";"0";"2";"BIO"
"1_5141";"8";"0";"1";"0";"1";"BIO"
"1_5196";"8";"0";"1";"2";"0";"BIO"
"1_5216";"8";"0";"1";"1";"1";"BIO"
"1_5419";"8";"0";"1";"1";"1";"BIO"
"1_5529";"8";"0";"1";"1";"0";"BIO"
"1_5553";"8";"0";"1";"0";"0";"BIO"
"1_5649";"8";"0";"1";"0";"0";"BIO"
"1_5902";"8";"0";"1";"0";"0";"BIO"
"1_6058";"8";"0";"2";"0";"3";"BIO"
"1_6072";"8";"0";"1";"0";"1";"BIO"
"1_6213";"8";"0";"1";"0";"0";"BIO"
"1_4079";"7";"0";"2";"1";"2";"BIO"
"1_4377";"7";"1";"1";"0";"0";"BIO"
"1_4409";"7";"0";"1";"0";"0";"BIO"
"1_4541";"7";"0";"1";"3";"10";"BIO"
"1_4679";"7";"0";"1";"0";"0";"BIO"
"1_6056";"7";"0";"3";"1";"0";"BIO"
"1_1052";"6";"0";"1";"1";"0";"BIO"
"1_1090";"6";"0";"1";"0";"0";"BIO"
"1_1162";"6";"0";"1";"0";"0";"BIO"
"1_1672";"6";"0";"1";"0";"0";"BIO"
"1_2943";"6";"0";"1";"0";"0";"BIO"
"1_3085";"6";"0";"1";"1";"2";"BIO"
"1_3100";"6";"0";"1";"1";"0";"BIO"
"1_3109";"6";"0";"1";"0";"0";"BIO"
"1_3129";"6";"0";"1";"0";"1";"BIO"
"1_3239";"6";"0";"1";"0";"0";"BIO"
"1_3240";"6";"0";"1";"0";"0";"BIO"
"1_3242";"6";"0";"1";"1";"0";"BIO"
"1_3369";"6";"0";"1";"0";"0";"BIO"
"1_3376";"6";"0";"1";"2";"0";"BIO"
"1_3463";"6";"0";"1";"0";"4";"BIO"
"1_3515";"6";"0";"1";"2";"0";"BIO"
"1_3593";"6";"0";"1";"0";"0";"BIO"
"1_3599";"6";"0";"2";"2";"5";"BIO"
"1_3605";"6";"0";"1";"0";"0";"BIO"
"1_3606";"6";"0";"1";"0";"0";"BIO"
"1_3617";"6";"0";"1";"0";"2";"BIO"
"1_3669";"6";"0";"1";"0";"0";"BIO"
"1_3767";"6";"0";"1";"0";"0";"BIO"
"1_3777";"6";"0";"1";"0";"0";"BIO"
"1_3813";"6";"0";"1";"2";"1";"BIO"
"1_3850";"6";"0";"1";"0";"0";"BIO"
"1_3936";"6";"0";"1";"0";"0";"BIO"
"1_4057";"6";"0";"1";"0";"0";"BIO"
"1_4087";"6";"0";"1";"1";"0";"BIO"
"1_4092";"6";"0";"1";"0";"0";"BIO"
"1_4099";"6";"0";"1";"1";"0";"BIO"
"1_4106";"6";"0";"1";"0";"0";"BIO"
"1_4166";"6";"1";"1";"0";"0";"BIO"
"1_4281";"6";"0";"1";"0";"0";"BIO"
"1_4339";"6";"0";"1";"0";"0";"BIO"
"1_4360";"6";"0";"1";"0";"0";"BIO"
"1_4413";"6";"0";"1";"0";"0";"BIO"
"1_4424";"6";"0";"1";"0";"0";"BIO"
"1_4677";"6";"0";"2";"0";"0";"BIO"
"1_4711";"6";"0";"1";"0";"0";"BIO"
"1_4719";"6";"0";"1";"0";"0";"BIO"
"1_4769";"6";"0";"1";"0";"0";"BIO"
"1_4793";"6";"0";"1";"0";"0";"BIO"
"1_4796";"6";"0";"1";"0";"0";"BIO"
"1_4832";"6";"0";"1";"0";"0";"BIO"
"1_4846";"6";"0";"1";"0";"0";"BIO"
"1_4854";"6";"0";"1";"0";"0";"BIO"
"1_4863";"6";"0";"1";"0";"0";"BIO"
"1_4865";"6";"0";"1";"0";"0";"BIO"
"1_4868";"6";"0";"1";"1";"0";"BIO"
"1_4881";"6";"0";"1";"0";"0";"BIO"
"1_4891";"6";"0";"1";"0";"0";"BIO"
"1_4916";"6";"0";"1";"1";"0";"BIO"
"1_4942";"6";"0";"1";"0";"0";"BIO"
"1_4984";"6";"0";"1";"0";"0";"BIO"
"1_4990";"6";"0";"1";"1";"0";"BIO"
"1_5012";"6";"0";"1";"1";"0";"BIO"
"1_5013";"6";"0";"1";"2";"0";"BIO"
"1_5026";"6";"0";"1";"0";"0";"BIO"
"1_5090";"6";"0";"1";"0";"0";"BIO"
"1_5112";"6";"0";"1";"1";"0";"BIO"
"1_5127";"6";"0";"1";"0";"0";"BIO"
"1_5146";"6";"0";"1";"0";"0";"BIO"
"1_5168";"6";"0";"1";"1";"0";"BIO"
"1_5179";"6";"0";"2";"0";"0";"BIO"
"1_5292";"6";"0";"1";"0";"0";"BIO"
"1_5328";"6";"0";"2";"0";"0";"BIO"
"1_5347";"6";"0";"1";"0";"0";"BIO"
"1_5360";"6";"0";"1";"0";"0";"BIO"
"1_5420";"6";"0";"1";"0";"0";"BIO"
"1_5443";"6";"0";"1";"3";"0";"BIO"
"1_5447";"6";"0";"1";"1";"0";"BIO"
"1_5484";"6";"0";"2";"1";"0";"BIO"
"1_5517";"6";"0";"1";"1";"0";"BIO"
"1_5518";"6";"0";"1";"0";"0";"BIO"
"1_5571";"6";"0";"1";"0";"0";"BIO"
"1_5616";"6";"0";"2";"1";"1";"BIO"
"1_5636";"6";"0";"1";"0";"2";"BIO"
"1_5664";"6";"0";"1";"0";"0";"BIO"
"1_5708";"6";"0";"1";"0";"1";"BIO"
"1_5709";"6";"0";"1";"0";"0";"BIO"
"1_5715";"6";"0";"1";"0";"0";"BIO"
"1_5730";"6";"0";"1";"0";"0";"BIO"
"1_5762";"6";"0";"1";"0";"0";"BIO"
"1_5843";"6";"0";"1";"0";"0";"BIO"
"1_5850";"6";"0";"1";"1";"0";"BIO"
"1_5853";"6";"0";"1";"0";"0";"BIO"
"1_5880";"6";"0";"1";"0";"0";"BIO"
"1_5908";"6";"0";"1";"0";"1";"BIO"
"1_5911";"6";"0";"1";"0";"0";"BIO"
"1_5933";"6";"0";"2";"0";"5";"BIO"
"1_6000";"6";"0";"1";"0";"0";"BIO"
"1_6035";"6";"0";"1";"0";"1";"BIO"
"1_6037";"6";"0";"1";"0";"0";"BIO"
"1_6039";"6";"0";"1";"0";"0";"BIO"
"1_6147";"6";"0";"1";"0";"3";"BIO"
"1_6155";"6";"0";"1";"0";"0";"BIO"
"1_6191";"6";"0";"1";"0";"0";"BIO"
"1_6199";"6";"0";"1";"0";"0";"BIO"
"1_6202";"6";"0";"1";"1";"2";"BIO"
"1_6208";"6";"0";"1";"0";"0";"BIO"
"1_6260";"6";"0";"1";"0";"0";"BIO"
"1_923";"6";"0";"1";"1";"0";"BIO"
"1_4566";"5";"1";"1";"0";"0";"BIO"
"1_5796";"5";"0";"2";"1";"0";"BIO"
"1_3125";"4";"0";"1";"0";"0";"BIO"
"1_3917";"4";"0";"1";"0";"0";"BIO"
"1_5106";"4";"0";"1";"0";"0";"BIO"
"1_5349";"4";"0";"2";"0";"0";"BIO"
"1_5430";"4";"0";"1";"2";"0";"BIO"
"1_5526";"4";"1";"1";"0";"0";"BIO"
"1_6124";"4";"0";"2";"0";"1";"BIO"
"1_942";"4";"0";"1";"1";"0";"BIO"
"1_3034";"3";"0";"1";"0";"2";"BIO"
"1_3169";"3";"0";"1";"1";"1";"BIO"
"1_3175";"3";"0";"1";"0";"0";"BIO"
"1_3329";"3";"0";"1";"0";"0";"BIO"
"1_3939";"3";"0";"1";"1";"4";"BIO"
"1_4157";"3";"0";"1";"1";"1";"BIO"
"1_4285";"3";"0";"1";"0";"5";"BIO"
"1_4461";"3";"0";"1";"1";"0";"BIO"
"1_4615";"3";"0";"1";"1";"1";"BIO"
"1_5223";"3";"0";"1";"0";"1";"BIO"
"1_5289";"3";"0";"1";"0";"0";"BIO"
"1_5306";"3";"0";"1";"0";"0";"BIO"
"1_5453";"3";"0";"1";"1";"1";"BIO"
"1_5781";"3";"0";"1";"0";"5";"BIO"
"1_6188";"3";"0";"1";"0";"0";"BIO"
"1_1804";"2";"0";"2";"0";"1";"BIO"
"1_1310";"1";"2";"0";"0";"3";"BIO"
"1_1495";"1";"1";"0";"0";"0";"BIO"
"1_1503";"1";"1";"0";"0";"0";"BIO"
"1_1616";"1";"1";"0";"0";"0";"BIO"
"1_1633";"1";"0";"1";"0";"0";"BIO"
"1_1659";"1";"1";"0";"0";"0";"BIO"
"1_1866";"1";"1";"0";"0";"0";"BIO"
"1_1878";"1";"1";"0";"0";"0";"BIO"
"1_1923";"1";"1";"0";"0";"1";"BIO"
"1_3025";"1";"1";"0";"0";"0";"BIO"
"1_3039";"1";"1";"0";"0";"0";"BIO"
"1_3047";"1";"0";"1";"0";"0";"BIO"
"1_3087";"1";"1";"0";"0";"0";"BIO"
"1_3134";"1";"1";"0";"0";"0";"BIO"
"1_3151";"1";"1";"0";"0";"0";"BIO"
"1_3161";"1";"0";"1";"0";"0";"BIO"
"1_3221";"1";"0";"1";"6";"0";"BIO"
"1_3332";"1";"1";"0";"0";"0";"BIO"
"1_3339";"1";"0";"1";"0";"0";"BIO"
"1_3342";"1";"1";"0";"0";"0";"BIO"
"1_3353";"1";"0";"1";"0";"0";"BIO"
"1_3371";"1";"0";"1";"0";"0";"BIO"
"1_3373";"1";"0";"1";"1";"0";"BIO"
"1_3386";"1";"1";"0";"0";"0";"BIO"
"1_3442";"1";"1";"0";"0";"0";"BIO"
"1_3464";"1";"1";"0";"0";"0";"BIO"
"1_3469";"1";"0";"1";"0";"0";"BIO"
"1_3516";"1";"1";"0";"0";"0";"BIO"
"1_3521";"1";"0";"1";"0";"0";"BIO"
"1_3531";"1";"0";"0";"1";"0";"BIO"
"1_3544";"1";"1";"0";"0";"0";"BIO"
"1_3564";"1";"0";"1";"0";"0";"BIO"
"1_3580";"1";"0";"1";"1";"0";"BIO"
"1_3604";"1";"1";"0";"0";"0";"BIO"
"1_3638";"1";"0";"1";"0";"0";"BIO"
"1_3648";"1";"0";"1";"0";"0";"BIO"
"1_3661";"1";"1";"0";"0";"0";"BIO"
"1_3701";"1";"0";"1";"0";"0";"BIO"
"1_3715";"1";"1";"0";"0";"0";"BIO"
"1_3789";"1";"0";"1";"0";"0";"BIO"
"1_3854";"1";"1";"0";"0";"0";"BIO"
"1_3861";"1";"0";"1";"0";"0";"BIO"
"1_3883";"1";"1";"0";"0";"0";"BIO"
"1_3895";"1";"0";"1";"0";"0";"BIO"
"1_3897";"1";"1";"0";"0";"0";"BIO"
"1_3900";"1";"1";"0";"0";"0";"BIO"
"1_3907";"1";"1";"0";"0";"0";"BIO"
"1_3921";"1";"0";"1";"0";"0";"BIO"
"1_3940";"1";"1";"0";"0";"0";"BIO"
"1_3949";"1";"1";"0";"0";"0";"BIO"
"1_3957";"1";"0";"1";"0";"0";"BIO"
"1_3991";"1";"0";"1";"1";"0";"BIO"
"1_4011";"1";"0";"1";"0";"0";"BIO"
"1_4021";"1";"1";"0";"0";"0";"BIO"
"1_4060";"1";"0";"1";"0";"0";"BIO"
"1_4090";"1";"1";"0";"0";"0";"BIO"
"1_4102";"1";"0";"1";"0";"0";"BIO"
"1_4118";"1";"0";"1";"1";"0";"BIO"
"1_4132";"1";"1";"0";"0";"0";"BIO"
"1_4142";"1";"1";"0";"0";"0";"BIO"
"1_4178";"1";"1";"0";"0";"0";"BIO"
"1_4201";"1";"0";"1";"0";"0";"BIO"
"1_4213";"1";"1";"0";"0";"0";"BIO"
"1_4241";"1";"1";"0";"0";"0";"BIO"
"1_4243";"1";"1";"0";"0";"0";"BIO"
"1_4288";"1";"1";"0";"0";"0";"BIO"
"1_4297";"1";"0";"1";"0";"0";"BIO"
"1_4326";"1";"0";"2";"0";"0";"BIO"
"1_4337";"1";"1";"0";"0";"0";"BIO"
"1_4345";"1";"0";"1";"0";"0";"BIO"
"1_4351";"1";"2";"0";"0";"0";"BIO"
"1_4375";"1";"0";"1";"0";"0";"BIO"
"1_4414";"1";"0";"1";"0";"0";"BIO"
"1_4469";"1";"0";"1";"0";"0";"BIO"
"1_4473";"1";"0";"1";"0";"1";"BIO"
"1_4556";"1";"1";"0";"0";"0";"BIO"
"1_4601";"1";"0";"1";"2";"0";"BIO"
"1_4630";"1";"0";"1";"1";"1";"BIO"
"1_4637";"1";"1";"0";"0";"0";"BIO"
"1_4651";"1";"0";"1";"0";"0";"BIO"
"1_4661";"1";"0";"1";"0";"0";"BIO"
"1_4663";"1";"2";"0";"0";"1";"BIO"
"1_4695";"1";"4";"0";"0";"0";"BIO"
"1_4704";"1";"1";"0";"0";"0";"BIO"
"1_4722";"1";"0";"1";"0";"0";"BIO"
"1_4725";"1";"1";"0";"0";"0";"BIO"
"1_4739";"1";"0";"0";"1";"0";"BIO"
"1_4741";"1";"1";"0";"0";"0";"BIO"
"1_4745";"1";"0";"1";"0";"0";"BIO"
"1_4760";"1";"1";"0";"0";"0";"BIO"
"1_4762";"1";"1";"0";"0";"0";"BIO"
"1_4770";"1";"0";"0";"1";"0";"BIO"
"1_4851";"1";"1";"0";"0";"0";"BIO"
"1_4853";"1";"0";"1";"0";"0";"BIO"
"1_4862";"1";"1";"0";"0";"1";"BIO"
"1_4875";"1";"1";"0";"0";"0";"BIO"
"1_4902";"1";"0";"0";"1";"0";"BIO"
"1_4913";"1";"1";"0";"0";"0";"BIO"
"1_4920";"1";"0";"0";"1";"0";"BIO"
"1_4923";"1";"0";"1";"0";"0";"BIO"
"1_4938";"1";"1";"0";"0";"0";"BIO"
"1_495";"1";"1";"0";"0";"0";"BIO"
"1_4962";"1";"1";"0";"0";"1";"BIO"
"1_4980";"1";"0";"1";"0";"0";"BIO"
"1_4993";"1";"0";"1";"0";"0";"BIO"
"1_5015";"1";"0";"1";"0";"0";"BIO"
"1_5020";"1";"1";"0";"0";"0";"BIO"
"1_5046";"1";"0";"1";"0";"0";"BIO"
"1_5058";"1";"0";"0";"1";"0";"BIO"
"1_5061";"1";"1";"0";"0";"0";"BIO"
"1_5076";"1";"0";"0";"1";"0";"BIO"
"1_5086";"1";"0";"0";"1";"0";"BIO"
"1_5109";"1";"0";"1";"0";"0";"BIO"
"1_5117";"1";"1";"0";"0";"0";"BIO"
"1_5126";"1";"0";"1";"0";"0";"BIO"
"1_5134";"1";"0";"0";"1";"0";"BIO"
"1_5137";"1";"0";"1";"0";"0";"BIO"
"1_5142";"1";"0";"1";"0";"0";"BIO"
"1_5147";"1";"0";"1";"0";"0";"BIO"
"1_5189";"1";"1";"0";"0";"0";"BIO"
"1_5219";"1";"0";"1";"0";"0";"BIO"
"1_5265";"1";"1";"0";"0";"0";"BIO"
"1_5321";"1";"0";"1";"1";"0";"BIO"
"1_5336";"1";"1";"0";"0";"0";"BIO"
"1_5413";"1";"0";"1";"0";"0";"BIO"
"1_5429";"1";"0";"0";"1";"0";"BIO"
"1_5433";"1";"0";"0";"1";"0";"BIO"
"1_5479";"1";"0";"10";"5";"0";"BIO"
"1_5505";"1";"1";"0";"0";"0";"BIO"
"1_5519";"1";"0";"1";"0";"0";"BIO"
"1_5530";"1";"0";"1";"1";"0";"BIO"
"1_5549";"1";"1";"0";"0";"0";"BIO"
"1_5567";"1";"0";"1";"0";"0";"BIO"
"1_5579";"1";"1";"0";"0";"0";"BIO"
"1_5595";"1";"1";"0";"0";"0";"BIO"
"1_5599";"1";"0";"1";"0";"0";"BIO"
"1_5613";"1";"0";"1";"0";"0";"BIO"
"1_5628";"1";"0";"1";"0";"0";"BIO"
"1_5643";"1";"0";"0";"1";"0";"BIO"
"1_5647";"1";"1";"0";"0";"0";"BIO"
"1_5677";"1";"0";"1";"1";"0";"BIO"
"1_5688";"1";"0";"1";"0";"2";"BIO"
"1_5699";"1";"4";"0";"0";"1";"BIO"
"1_5707";"1";"0";"1";"0";"0";"BIO"
"1_5741";"1";"2";"0";"0";"1";"BIO"
"1_5750";"1";"0";"1";"0";"0";"BIO"
"1_5778";"1";"1";"0";"0";"0";"BIO"
"1_5790";"1";"0";"2";"4";"0";"BIO"
"1_5794";"1";"0";"1";"1";"2";"BIO"
"1_5800";"1";"0";"1";"0";"0";"BIO"
"1_5810";"1";"1";"0";"0";"0";"BIO"
"1_5832";"1";"2";"0";"0";"1";"BIO"
"1_5855";"1";"1";"0";"0";"0";"BIO"
"1_5870";"1";"1";"0";"0";"0";"BIO"
"1_5931";"1";"0";"1";"0";"0";"BIO"
"1_5987";"1";"0";"0";"1";"0";"BIO"
"1_5989";"1";"0";"1";"0";"0";"BIO"
"1_5990";"1";"0";"1";"2";"0";"BIO"
"1_6066";"1";"0";"1";"0";"0";"BIO"
"1_6070";"1";"0";"1";"0";"1";"BIO"
"1_6079";"1";"0";"1";"0";"0";"BIO"
"1_6080";"1";"1";"0";"0";"0";"BIO"
"1_6114";"1";"0";"2";"4";"0";"BIO"
"1_6126";"1";"0";"1";"1";"0";"BIO"
"1_6134";"1";"1";"0";"0";"0";"BIO"
"1_6178";"1";"1";"0";"0";"0";"BIO"
"1_6204";"1";"1";"0";"0";"0";"BIO"
"1_6220";"1";"0";"1";"1";"0";"BIO"
"1_6223";"1";"0";"1";"0";"0";"BIO"
"1_6240";"1";"1";"0";"0";"0";"BIO"
"1_6242";"1";"0";"1";"1";"0";"BIO"
"1_6251";"1";"0";"1";"1";"0";"BIO"
"1_6259";"1";"0";"1";"0";"0";"BIO"
"1_6269";"1";"0";"1";"1";"1";"BIO"
